{"linear-relax-results": [{"test-case-no": 1327, "test-case-name": "TestSD1.0_CPU4096_Dim2_DataCenters1_Subbid2_Quantity1.5", "supply-demand-ratio": 1.0, "cpu-core": 4096, "dimension": 2, "data-center": 1, "mean-of-subbids": 2, "mean-of-quantity": 1, "objective-value": 54835.5514688, "linrelax-runtime": 0.04800009727478027, "status": 2, "profit-dictionary": {"0": 1.0, "1": 1.0, "2": 0.0, "3": 1.0, "4": 1.0, "5": 0.0, "6": 0.0, "7": 0.0, "8": 0.0, "9": 0.0, "10": 1.0, "11": 0.0, "12": 0.0, "13": 1.0, "14": 0.0, "15": 0.0, "16": 1.0, "17": 0.0, "18": 1.0, "19": 0.0, "20": 0.0, "21": 0.0, "22": 1.0, "23": 1.0, "24": 0.0, "25": 1.0, "26": 0.0, "27": 1.0, "28": 1.0, "29": 0.0, "30": 0.0, "31": 0.0, "32": 1.0, "33": 1.0, "34": 0.0, "35": 1.0, "36": 1.0, "37": 0.0, "38": 1.0, "39": 0.037499999999999735, "40": 1.0, "41": 1.0, "42": 1.0, "43": 0.0, "44": 1.0, "45": 1.0, "46": 1.0, "47": 1.0, "48": 0.0, "49": 1.0, "50": 0.0, "51": 1.0, "52": 1.0, "53": 1.0, "54": 1.0, "55": 1.0, "56": 1.0, "57": 1.0, "58": 1.0, "59": 0.0, "60": 1.0, "61": 0.0, "62": 0.0, "63": 0.0, "64": 1.0, "65": 1.0, "66": 1.0, "67": 1.0, "68": 1.0, "69": 0.0, "70": 0.0, "71": 0.0, "72": 1.0, "73": 1.0, "74": 1.0, "75": 0.0, "76": 1.0, "77": 0.0, "78": 1.0, "79": 1.0, "80": 0.0, "81": 1.0, "82": 0.0, "83": 1.0, "84": 1.0, "85": 0.0, "86": 0.0}}]}