{"linear-relax-results": [{"test-case-no": 869, "test-case-name": "TestSD0.75_CPU4096_Dim1_DataCenters1_Subbid2_Quantity2", "supply-demand-ratio": 0.75, "cpu-core": 4096, "dimension": 1, "data-center": 1, "mean-of-subbids": 2, "mean-of-quantity": 2, "objective-value": 51750.08261634098, "linrelax-runtime": 0.026000022888183594, "status": 2, "profit-dictionary": {"0": 1.0, "1": 1.0, "2": 0.0, "3": 0.0, "4": 0.0, "5": 0.0, "6": 0.0, "7": 1.0, "8": 1.0, "9": 1.0, "10": 1.0, "11": 0.0, "12": 0.0, "13": 1.0, "14": 1.0, "15": 0.0, "16": 1.0, "17": 0.0, "18": 0.0, "19": 1.0, "20": 1.0, "21": 0.0, "22": 1.0, "23": 1.0, "24": 0.0, "25": 0.0, "26": 1.0, "27": 1.0, "28": 0.0, "29": 0.8770491803278692, "30": 1.0, "31": 1.0, "32": 0.0, "33": 1.0, "34": 1.0, "35": 1.0, "36": 1.0, "37": 1.0, "38": 0.0, "39": 1.0, "40": 1.0, "41": 0.0, "42": 0.0, "43": 1.0, "44": 1.0, "45": 0.0, "46": 1.0, "47": 0.0, "48": 1.0, "49": 1.0}}]}