{"linear-relax-results": [{"test-case-no": 1024, "test-case-name": "TestSD0.75_CPU6144_Dim2_DataCenters4_Subbid3_Quantity1.5", "supply-demand-ratio": 0.75, "cpu-core": 6144, "dimension": 2, "data-center": 4, "mean-of-subbids": 3, "mean-of-quantity": 1, "objective-value": 72596.23880148293, "linrelax-runtime": 0.2390000820159912, "status": 2, "profit-dictionary": {"0": 1.0, "1": 1.0, "2": 1.0, "3": 1.0, "4": 1.0, "5": 0.7042682926829269, "6": 1.0, "7": 1.0, "8": 1.0, "9": 1.0, "10": 1.0, "11": 1.0, "12": 1.0, "13": 1.0, "14": 1.0, "15": 1.0, "16": 1.0, "17": 1.0, "18": 1.0, "19": 1.0, "20": 0.0, "21": 1.0, "22": 0.0, "23": 1.0, "24": 0.0, "25": 1.0, "26": 1.0, "27": 1.0, "28": 1.0, "29": 1.0, "30": 0.0, "31": 1.0, "32": 1.0, "33": 1.0, "34": 0.0, "35": 0.0, "36": 1.0, "37": 0.0, "38": 0.0, "39": 1.0, "40": 1.0, "41": 0.0, "42": 1.0, "43": 1.0, "44": 1.0, "45": 0.0, "46": 1.0, "47": 1.0, "48": 1.0, "49": 1.0, "50": 1.0}}]}