{"linear-relax-results": [{"test-case-no": 896, "test-case-name": "TestSD0.75_CPU4096_Dim2_DataCenters1_Subbid2_Quantity2", "supply-demand-ratio": 0.75, "cpu-core": 4096, "dimension": 2, "data-center": 1, "mean-of-subbids": 2, "mean-of-quantity": 2, "objective-value": 51135.64194499047, "linrelax-runtime": 0.029999971389770508, "status": 2, "profit-dictionary": {"0": 1.0, "1": 1.0, "2": 1.0, "3": 1.0, "4": 0.0, "5": 1.0, "6": 0.5238095238095241, "7": 1.0, "8": 0.0, "9": 0.0, "10": 0.0, "11": 1.0, "12": 1.0, "13": 1.0, "14": 1.0, "15": 0.0, "16": 0.0, "17": 0.0, "18": 1.0, "19": 1.0, "20": 1.0, "21": 1.0, "22": 1.0, "23": 1.0, "24": 1.0, "25": 1.0, "26": 0.0, "27": 1.0, "28": 1.0, "29": 1.0, "30": 0.0, "31": 1.0, "32": 1.0, "33": 1.0, "34": 0.0, "35": 0.0, "36": 1.0, "37": 0.0, "38": 0.0, "39": 1.0, "40": 1.0, "41": 0.0, "42": 1.0, "43": 0.0, "44": 0.0, "45": 1.0}}]}