{"linear-relax-results": [{"test-case-no": 944, "test-case-name": "TestSD0.75_CPU4096_Dim3_DataCenters4_Subbid3_Quantity2", "supply-demand-ratio": 0.75, "cpu-core": 4096, "dimension": 3, "data-center": 4, "mean-of-subbids": 3, "mean-of-quantity": 2, "objective-value": 52009.7005338472, "linrelax-runtime": 0.1399998664855957, "status": 2, "profit-dictionary": {"0": 1.0, "1": 1.0, "2": 1.0, "3": 0.0, "4": 0.0, "5": 0.0, "6": 1.0, "7": 0.0, "8": 1.0, "9": 0.0, "10": 1.0, "11": 0.0, "12": 1.0, "13": 1.0, "14": 1.0, "15": 0.0, "16": 0.0, "17": 0.0, "18": 0.0, "19": 1.0, "20": 1.0, "21": 1.0, "22": 1.0, "23": 0.0, "24": 0.0, "25": 1.0, "26": 1.0, "27": 1.0, "28": 1.0, "29": 1.0, "30": 1.0, "31": 1.0, "32": 1.0, "33": 1.0, "34": 0.39902676399026754, "35": 1.0, "36": 1.0, "37": 0.0, "38": 0.0, "39": 1.0, "40": 1.0, "41": 0.0, "42": 0.0}}]}