{"linear-relax-results": [{"test-case-no": 884, "test-case-name": "TestSD0.75_CPU4096_Dim1_DataCenters4_Subbid1_Quantity2", "supply-demand-ratio": 0.75, "cpu-core": 4096, "dimension": 1, "data-center": 4, "mean-of-subbids": 1, "mean-of-quantity": 2, "objective-value": 49527.566276699996, "linrelax-runtime": 0.0690000057220459, "status": 2, "profit-dictionary": {"0": 0.0, "1": 0.0, "2": 0.0, "3": 1.0, "4": 1.0, "5": 0.0, "6": 0.0, "7": 0.0, "8": 1.0, "9": 1.0, "10": 1.0, "11": 1.0, "12": 1.0, "13": 1.0, "14": 1.0, "15": 0.0, "16": 0.0, "17": 1.0, "18": 0.0, "19": 1.0, "20": 0.0, "21": 0.0, "22": 1.0, "23": 1.0, "24": 1.0, "25": 0.0, "26": 0.0, "27": 0.0, "28": 1.0, "29": 1.0, "30": 0.0, "31": 1.0, "32": 1.0, "33": 0.0, "34": 1.0, "35": 1.0, "36": 1.0, "37": 1.0, "38": 1.0, "39": 1.0, "40": 0.0, "41": 0.0, "42": 1.0, "43": 1.0, "44": 1.0, "45": 1.0, "46": 0.0, "47": 0.0, "48": 1.0, "49": 0.8984375, "50": 1.0, "51": 0.0, "52": 0.0, "53": 1.0, "54": 1.0, "55": 1.0, "56": 1.0, "57": 1.0, "58": 1.0, "59": 1.0, "60": 1.0, "61": 1.0, "62": 0.0, "63": 1.0, "64": 0.0, "65": 0.0, "66": 1.0, "67": 1.0, "68": 0.0, "69": 1.0, "70": 0.0, "71": 0.0, "72": 1.0, "73": 0.0, "74": 1.0, "75": 1.0, "76": 0.0, "77": 0.0, "78": 0.0, "79": 1.0}}]}