{"linear-relax-results": [{"test-case-no": 952, "test-case-name": "TestSD0.75_CPU4096_Dim4_DataCenters1_Subbid3_Quantity1.5", "supply-demand-ratio": 0.75, "cpu-core": 4096, "dimension": 4, "data-center": 1, "mean-of-subbids": 3, "mean-of-quantity": 1, "objective-value": 48786.53813546667, "linrelax-runtime": 0.051999807357788086, "status": 2, "profit-dictionary": {"0": 0.0, "1": 0.0, "2": 1.0, "3": 1.0, "4": 1.0, "5": 1.0, "6": 1.0, "7": 1.0, "8": 1.0, "9": 1.0, "10": 1.0, "11": 1.0, "12": 1.0, "13": 1.0, "14": 1.0, "15": 1.0, "16": 1.0, "17": 0.0, "18": 1.0, "19": 1.0, "20": 1.0, "21": 1.0, "22": 1.0, "23": 1.0, "24": 0.0, "25": 0.0, "26": 1.0, "27": 0.8466666666666666, "28": 0.0, "29": 1.0, "30": 1.0, "31": 1.0, "32": 0.0, "33": 1.0, "34": 0.0, "35": 1.0, "36": 1.0, "37": 1.0, "38": 1.0}}]}