{"linear-relax-results": [{"test-case-no": 925, "test-case-name": "TestSD0.75_CPU4096_Dim3_DataCenters1_Subbid3_Quantity1.5", "supply-demand-ratio": 0.75, "cpu-core": 4096, "dimension": 3, "data-center": 1, "mean-of-subbids": 3, "mean-of-quantity": 1, "objective-value": 48168.96270475505, "linrelax-runtime": 0.03500008583068848, "status": 2, "profit-dictionary": {"0": 1.0, "1": 1.0, "2": 1.0, "3": 1.0, "4": 1.0, "5": 0.0, "6": 1.0, "7": 0.0, "8": 1.0, "9": 0.0, "10": 1.0, "11": 1.0, "12": 1.0, "13": 1.0, "14": 1.0, "15": 1.0, "16": 0.39887640449438255, "17": 1.0, "18": 0.0, "19": 0.0, "20": 1.0, "21": 1.0, "22": 1.0, "23": 1.0, "24": 1.0, "25": 1.0, "26": 1.0, "27": 1.0, "28": 1.0, "29": 1.0}}]}