{"linear-relax-results": [{"test-case-no": 647, "test-case-name": "TestSD0.5_CPU6144_Dim4_DataCenters4_Subbid3_Quantity2", "supply-demand-ratio": 0.5, "cpu-core": 6144, "dimension": 4, "data-center": 4, "mean-of-subbids": 3, "mean-of-quantity": 2, "objective-value": 72569.50035954628, "linrelax-runtime": 0.11500000953674316, "status": 2, "profit-dictionary": {"0": 1.0, "1": 1.0, "2": 1.0, "3": 1.0, "4": 1.0, "5": 1.0, "6": 1.0, "7": 0.0, "8": 1.0, "9": 1.0, "10": 1.0, "11": 0.0, "12": 1.0, "13": 1.0, "14": 1.0, "15": 1.0, "16": 1.0, "17": 1.0, "18": 1.0, "19": 0.45895522388059695, "20": 1.0, "21": 1.0, "22": 1.0, "23": 1.0, "24": 1.0, "25": 1.0, "26": 1.0, "27": 1.0, "28": 1.0, "29": 1.0, "30": 1.0}}]}