{"linear-relax-results": [{"test-case-no": 1349, "test-case-name": "TestSD1.0_CPU4096_Dim2_DataCenters4_Subbid3_Quantity2", "supply-demand-ratio": 1.0, "cpu-core": 4096, "dimension": 2, "data-center": 4, "mean-of-subbids": 3, "mean-of-quantity": 2, "objective-value": 58009.656809788234, "linrelax-runtime": 0.1830000877380371, "status": 2, "profit-dictionary": {"0": 0.0, "1": 0.5, "2": 0.0, "3": 0.0, "4": 0.0, "5": 1.0, "6": 0.0, "7": 1.0, "8": 0.0, "9": 0.0, "10": 1.0, "11": 0.0, "12": 1.0, "13": 0.0, "14": 1.0, "15": 0.0, "16": 1.0, "17": 0.0, "18": 1.0, "19": 1.0, "20": 1.0, "21": 0.0, "22": 1.0, "23": 0.0, "24": 0.0, "25": 0.0, "26": 0.0, "27": 0.0, "28": 1.0, "29": 1.0, "30": 0.0, "31": 1.0, "32": 0.0, "33": 0.5756302521008407, "34": 1.0, "35": 0.0, "36": 1.0, "37": 1.0, "38": 0.0, "39": 1.0, "40": 0.0, "41": 1.0, "42": 0.0, "43": 1.0, "44": 0.0, "45": 0.0, "46": 0.0, "47": 1.0, "48": 1.0, "49": 1.0}}]}