{"linear-relax-results": [{"test-case-no": 1420, "test-case-name": "TestSD1.0_CPU6144_Dim1_DataCenters2_Subbid3_Quantity1.5", "supply-demand-ratio": 1.0, "cpu-core": 6144, "dimension": 1, "data-center": 2, "mean-of-subbids": 3, "mean-of-quantity": 1, "objective-value": 76328.4420988739, "linrelax-runtime": 0.14599990844726562, "status": 2, "profit-dictionary": {"0": 0.22929936305732485, "1": 1.0, "2": 0.0, "3": 1.0, "4": 0.0, "5": 1.0, "6": 0.0, "7": 1.0, "8": 1.0, "9": 0.0, "10": 1.0, "11": 1.0, "12": 1.0, "13": 1.0, "14": 1.0, "15": 1.0, "16": 1.0, "17": 0.0, "18": 1.0, "19": 1.0, "20": 1.0, "21": 0.0, "22": 0.0, "23": 1.0, "24": 1.0, "25": 1.0, "26": 0.0, "27": 1.0, "28": 0.0, "29": 0.0, "30": 1.0, "31": 0.0, "32": 0.0, "33": 0.0, "34": 1.0, "35": 0.0, "36": 1.0, "37": 0.0, "38": 1.0, "39": 1.0, "40": 1.0, "41": 0.0, "42": 1.0, "43": 0.0, "44": 1.0, "45": 1.0, "46": 1.0, "47": 0.0, "48": 1.0, "49": 1.0, "50": 0.0, "51": 1.0, "52": 1.0, "53": 1.0, "54": 1.0, "55": 1.0, "56": 1.0, "57": 0.0, "58": 0.0, "59": 1.0, "60": 0.0, "61": 0.0, "62": 1.0, "63": 1.0, "64": 1.0, "65": 0.0, "66": 0.0, "67": 1.0, "68": 1.0, "69": 0.0, "70": 0.0}}]}