{"linear-relax-results": [{"test-case-no": 1400, "test-case-name": "TestSD1.0_CPU4096_Dim4_DataCenters4_Subbid2_Quantity2", "supply-demand-ratio": 1.0, "cpu-core": 4096, "dimension": 4, "data-center": 4, "mean-of-subbids": 2, "mean-of-quantity": 2, "objective-value": 57208.330339199994, "linrelax-runtime": 0.0969998836517334, "status": 2, "profit-dictionary": {"0": 0.0, "1": 1.0, "2": 1.0, "3": 0.0, "4": 0.0, "5": 1.0, "6": 1.0, "7": 0.0, "8": 0.0, "9": 0.0, "10": 0.0, "11": 0.0, "12": 0.0, "13": 0.0, "14": 1.0, "15": 1.0, "16": 0.0, "17": 0.0, "18": 0.0, "19": 0.0, "20": 1.0, "21": 0.0, "22": 0.0, "23": 1.0, "24": 0.0, "25": 1.0, "26": 1.0, "27": 0.0, "28": 0.0, "29": 0.0, "30": 1.0, "31": 1.0, "32": 0.0, "33": 0.0, "34": 0.0, "35": 0.0, "36": 1.0, "37": 0.0, "38": 0.0, "39": 1.0, "40": 0.0, "41": 0.0, "42": 1.0, "43": 0.0, "44": 0.0, "45": 1.0, "46": 0.0, "47": 0.0, "48": 1.0, "49": 0.0, "50": 0.0, "51": 0.0, "52": 1.0, "53": 0.0, "54": 1.0, "55": 1.0, "56": 0.0, "57": 0.0, "58": 1.0, "59": 0.0, "60": 1.0, "61": 0.0, "62": 0.674999999999999, "63": 0.0, "64": 0.0, "65": 0.0, "66": 1.0, "67": 0.0, "68": 1.0, "69": 0.0, "70": 0.0, "71": 1.0, "72": 0.0, "73": 1.0, "74": 1.0, "75": 0.0, "76": 1.0}}]}