{"linear-relax-results": [{"test-case-no": 1358, "test-case-name": "TestSD1.0_CPU4096_Dim3_DataCenters1_Subbid3_Quantity2", "supply-demand-ratio": 1.0, "cpu-core": 4096, "dimension": 3, "data-center": 1, "mean-of-subbids": 3, "mean-of-quantity": 2, "objective-value": 59704.74558644706, "linrelax-runtime": 0.05099987983703613, "status": 2, "profit-dictionary": {"0": 1.0, "1": 0.0, "2": 0.0, "3": 0.0, "4": 1.0, "5": 1.0, "6": 0.0, "7": 0.0, "8": 0.0, "9": 1.0, "10": 0.0, "11": 1.0, "12": 0.0, "13": 0.0, "14": 1.0, "15": 0.0, "16": 0.0, "17": 1.0, "18": 1.0, "19": 0.0, "20": 0.0, "21": 0.0, "22": 1.0, "23": 0.0, "24": 1.0, "25": 0.0, "26": 0.0, "27": 0.0, "28": 1.0, "29": 0.0, "30": 0.0, "31": 1.0, "32": 1.0, "33": 1.0, "34": 1.0, "35": 0.0, "36": 1.0, "37": 0.0, "38": 1.0, "39": 1.0, "40": 1.0, "41": 0.0, "42": 0.0, "43": 0.0, "44": 0.0, "45": 0.0, "46": 0.0, "47": 0.0, "48": 0.0, "49": 0.8235294117647065, "50": 1.0, "51": 0.0, "52": 1.0, "53": 1.0}}]}