{"linear-relax-results": [{"test-case-no": 970, "test-case-name": "TestSD0.75_CPU4096_Dim4_DataCenters4_Subbid3_Quantity1.5", "supply-demand-ratio": 0.75, "cpu-core": 4096, "dimension": 4, "data-center": 4, "mean-of-subbids": 3, "mean-of-quantity": 1, "objective-value": 50059.29852101818, "linrelax-runtime": 0.06399989128112793, "status": 2, "profit-dictionary": {"0": 1.0, "1": 1.0, "2": 0.0, "3": 1.0, "4": 1.0, "5": 0.22727272727272815, "6": 0.0, "7": 1.0, "8": 1.0, "9": 1.0, "10": 0.0, "11": 1.0, "12": 0.0, "13": 1.0, "14": 0.0, "15": 1.0, "16": 0.0, "17": 0.0, "18": 1.0, "19": 0.0, "20": 1.0, "21": 1.0, "22": 0.0, "23": 1.0, "24": 0.0, "25": 1.0, "26": 1.0, "27": 1.0, "28": 1.0, "29": 1.0, "30": 0.0, "31": 1.0, "32": 1.0}}]}