{"linear-relax-results": [{"test-case-no": 934, "test-case-name": "TestSD0.75_CPU4096_Dim3_DataCenters2_Subbid3_Quantity1.5", "supply-demand-ratio": 0.75, "cpu-core": 4096, "dimension": 3, "data-center": 2, "mean-of-subbids": 3, "mean-of-quantity": 1, "objective-value": 52362.838560304765, "linrelax-runtime": 0.08800005912780762, "status": 2, "profit-dictionary": {"0": 0.0, "1": 1.0, "2": 1.0, "3": 0.0, "4": 1.0, "5": 1.0, "6": 0.0, "7": 1.0, "8": 0.0, "9": 1.0, "10": 0.0, "11": 1.0, "12": 0.0, "13": 1.0, "14": 1.0, "15": 1.0, "16": 1.0, "17": 0.0, "18": 0.3650793650793652, "19": 1.0, "20": 1.0, "21": 0.0, "22": 0.0, "23": 1.0, "24": 0.0, "25": 0.0, "26": 1.0, "27": 1.0, "28": 1.0, "29": 1.0, "30": 1.0, "31": 1.0, "32": 0.0, "33": 1.0, "34": 1.0, "35": 1.0, "36": 0.0, "37": 1.0, "38": 0.0, "39": 1.0, "40": 0.0, "41": 1.0}}]}