{"linear-relax-results": [{"test-case-no": 1354, "test-case-name": "TestSD1.0_CPU4096_Dim3_DataCenters1_Subbid2_Quantity1.5", "supply-demand-ratio": 1.0, "cpu-core": 4096, "dimension": 3, "data-center": 1, "mean-of-subbids": 2, "mean-of-quantity": 1, "objective-value": 52621.56257991111, "linrelax-runtime": 0.051000118255615234, "status": 2, "profit-dictionary": {"0": 0.0, "1": 1.0, "2": 1.0, "3": 1.0, "4": 0.0, "5": 1.0, "6": 1.0, "7": 0.0, "8": 1.0, "9": 0.0, "10": 1.0, "11": 0.0, "12": 1.0, "13": 1.0, "14": 0.0, "15": 1.0, "16": 1.0, "17": 0.0, "18": 0.0, "19": 1.0, "20": 1.0, "21": 0.0, "22": 1.0, "23": 1.0, "24": 0.0, "25": 0.0, "26": 1.0, "27": 0.0, "28": 1.0, "29": 1.0, "30": 0.0, "31": 0.0, "32": 1.0, "33": 1.0, "34": 1.0, "35": 0.0, "36": 1.0, "37": 0.0, "38": 1.0, "39": 1.0, "40": 1.0, "41": 0.0, "42": 0.0, "43": 1.0, "44": 0.0, "45": 1.0, "46": 0.8888888888888891, "47": 1.0, "48": 0.0, "49": 1.0, "50": 0.0, "51": 1.0, "52": 1.0, "53": 0.0, "54": 0.0, "55": 0.0, "56": 0.0, "57": 1.0, "58": 1.0, "59": 1.0, "60": 1.0, "61": 1.0, "62": 1.0, "63": 0.0, "64": 1.0}}]}