{"linear-relax-results": [{"test-case-no": 1141, "test-case-name": "TestSD0.75_CPU8192_Dim3_DataCenters1_Subbid3_Quantity1.5", "supply-demand-ratio": 0.75, "cpu-core": 8192, "dimension": 3, "data-center": 1, "mean-of-subbids": 3, "mean-of-quantity": 1, "objective-value": 103468.9029376, "linrelax-runtime": 0.13499999046325684, "status": 2, "profit-dictionary": {"0": 0.0, "1": 1.0, "2": 1.0, "3": 1.0, "4": 1.0, "5": 1.0, "6": 0.0, "7": 1.0, "8": 1.0, "9": 0.0, "10": 1.0, "11": 1.0, "12": 1.0, "13": 1.0, "14": 1.0, "15": 1.0, "16": 0.0, "17": 1.0, "18": 1.0, "19": 1.0, "20": 1.0, "21": 0.0, "22": 1.0, "23": 1.0, "24": 0.0, "25": 1.0, "26": 0.0, "27": 0.0, "28": 0.0, "29": 1.0, "30": 1.0, "31": 1.0, "32": 1.0, "33": 1.0, "34": 1.0, "35": 1.0, "36": 1.0, "37": 1.0, "38": 1.0, "39": 0.0, "40": 1.0, "41": 1.0, "42": 1.0, "43": 1.0, "44": 0.0, "45": 1.0, "46": 0.0, "47": 1.0, "48": 1.0, "49": 1.0, "50": 0.0, "51": 0.0, "52": 1.0, "53": 1.0, "54": 1.0, "55": 1.0, "56": 1.0, "57": 1.0, "58": 1.0, "59": 0.0, "60": 1.0, "61": 0.0, "62": 0.0, "63": 0.0, "64": 0.0, "65": 0.0, "66": 1.0, "67": 0.7419354838709653, "68": 1.0, "69": 1.0, "70": 1.0, "71": 1.0, "72": 1.0, "73": 1.0, "74": 1.0, "75": 0.0, "76": 1.0, "77": 1.0, "78": 1.0, "79": 1.0}}]}