{"linear-relax-results": [{"test-case-no": 1124, "test-case-name": "TestSD0.75_CPU8192_Dim2_DataCenters2_Subbid3_Quantity2", "supply-demand-ratio": 0.75, "cpu-core": 8192, "dimension": 2, "data-center": 2, "mean-of-subbids": 3, "mean-of-quantity": 2, "objective-value": 107249.26536631673, "linrelax-runtime": 0.24499988555908203, "status": 2, "profit-dictionary": {"0": 1.0, "1": 1.0, "2": 0.0, "3": 1.0, "4": 0.0, "5": 0.0, "6": 0.0, "7": 1.0, "8": 0.0, "9": 0.0, "10": 0.0, "11": 1.0, "12": 1.0, "13": 1.0, "14": 0.0, "15": 1.0, "16": 0.0, "17": 1.0, "18": 1.0, "19": 0.0, "20": 0.0, "21": 1.0, "22": 1.0, "23": 0.0, "24": 1.0, "25": 1.0, "26": 0.0, "27": 1.0, "28": 0.0, "29": 1.0, "30": 0.0, "31": 1.0, "32": 0.0, "33": 1.0, "34": 1.0, "35": 0.0, "36": 1.0, "37": 1.0, "38": 0.9776951672862457, "39": 0.0, "40": 1.0, "41": 1.0, "42": 0.0, "43": 1.0, "44": 1.0, "45": 0.0, "46": 1.0, "47": 1.0, "48": 1.0, "49": 0.0, "50": 1.0, "51": 1.0, "52": 1.0, "53": 0.0, "54": 1.0, "55": 1.0, "56": 1.0, "57": 1.0, "58": 1.0, "59": 0.0, "60": 0.0, "61": 0.0, "62": 0.0, "63": 1.0, "64": 0.0, "65": 1.0}}]}