{"linear-relax-results": [{"test-case-no": 931, "test-case-name": "TestSD0.75_CPU4096_Dim3_DataCenters2_Subbid2_Quantity1.5", "supply-demand-ratio": 0.75, "cpu-core": 4096, "dimension": 3, "data-center": 2, "mean-of-subbids": 2, "mean-of-quantity": 1, "objective-value": 51190.79277275898, "linrelax-runtime": 0.10400009155273438, "status": 2, "profit-dictionary": {"0": 0.0, "1": 1.0, "2": 1.0, "3": 0.0, "4": 0.18589743589743582, "5": 1.0, "6": 1.0, "7": 1.0, "8": 1.0, "9": 1.0, "10": 1.0, "11": 1.0, "12": 1.0, "13": 1.0, "14": 1.0, "15": 1.0, "16": 1.0, "17": 1.0, "18": 1.0, "19": 1.0, "20": 1.0, "21": 1.0, "22": 1.0, "23": 0.0, "24": 1.0, "25": 1.0, "26": 1.0, "27": 1.0, "28": 1.0, "29": 1.0, "30": 0.0, "31": 1.0, "32": 1.0, "33": 1.0, "34": 1.0, "35": 1.0, "36": 1.0, "37": 1.0, "38": 1.0, "39": 1.0, "40": 0.0, "41": 1.0, "42": 0.0, "43": 1.0, "44": 0.0, "45": 1.0, "46": 0.0, "47": 0.0, "48": 1.0, "49": 1.0, "50": 1.0, "51": 1.0, "52": 0.0}}]}