{"linear-relax-results": [{"test-case-no": 1356, "test-case-name": "TestSD1.0_CPU4096_Dim3_DataCenters1_Subbid3_Quantity1", "supply-demand-ratio": 1.0, "cpu-core": 4096, "dimension": 3, "data-center": 1, "mean-of-subbids": 3, "mean-of-quantity": 1, "objective-value": 49313.4514688, "linrelax-runtime": 0.056999921798706055, "status": 2, "profit-dictionary": {"0": 1.0, "1": 1.0, "2": 1.0, "3": 1.0, "4": 1.0, "5": 1.0, "6": 1.0, "7": 1.0, "8": 1.0, "9": 1.0, "10": 1.0, "11": 0.0, "12": 0.19999999999999998, "13": 1.0, "14": 1.0, "15": 1.0, "16": 1.0, "17": 1.0, "18": 1.0, "19": 1.0, "20": 1.0, "21": 0.0, "22": 1.0, "23": 1.0, "24": 1.0, "25": 0.0, "26": 1.0, "27": 1.0, "28": 1.0, "29": 1.0, "30": 0.0, "31": 1.0, "32": 0.0, "33": 1.0, "34": 1.0, "35": 1.0, "36": 1.0, "37": 1.0, "38": 1.0, "39": 0.0, "40": 1.0, "41": 1.0, "42": 1.0, "43": 1.0, "44": 0.0, "45": 0.0, "46": 1.0}}]}