{"linear-relax-results": [{"test-case-no": 1335, "test-case-name": "TestSD1.0_CPU4096_Dim2_DataCenters2_Subbid2_Quantity1", "supply-demand-ratio": 1.0, "cpu-core": 4096, "dimension": 2, "data-center": 2, "mean-of-subbids": 2, "mean-of-quantity": 1, "objective-value": 49666.388343854545, "linrelax-runtime": 0.10500001907348633, "status": 2, "profit-dictionary": {"0": 0.0, "1": 1.0, "2": 1.0, "3": 1.0, "4": 1.0, "5": 1.0, "6": 0.0, "7": 1.0, "8": 1.0, "9": 1.0, "10": 1.0, "11": 1.0, "12": 0.0, "13": 0.0, "14": 1.0, "15": 0.0, "16": 1.0, "17": 1.0, "18": 1.0, "19": 1.0, "20": 1.0, "21": 1.0, "22": 1.0, "23": 0.0, "24": 1.0, "25": 0.0, "26": 1.0, "27": 1.0, "28": 0.0, "29": 0.0, "30": 1.0, "31": 1.0, "32": 1.0, "33": 1.0, "34": 0.0, "35": 0.0, "36": 1.0, "37": 1.0, "38": 1.0, "39": 0.0, "40": 1.0, "41": 0.0, "42": 1.0, "43": 1.0, "44": 1.0, "45": 1.0, "46": 0.2834224598930481, "47": 1.0, "48": 1.0, "49": 1.0, "50": 1.0, "51": 0.0, "52": 1.0, "53": 1.0, "54": 1.0, "55": 0.0, "56": 1.0, "57": 1.0, "58": 0.0, "59": 1.0, "60": 1.0, "61": 1.0, "62": 0.0, "63": 1.0}}]}