{"linear-relax-results": [{"test-case-no": 1075, "test-case-name": "TestSD0.75_CPU6144_Dim4_DataCenters4_Subbid2_Quantity1.5", "supply-demand-ratio": 0.75, "cpu-core": 6144, "dimension": 4, "data-center": 4, "mean-of-subbids": 2, "mean-of-quantity": 1, "objective-value": 75541.63506576204, "linrelax-runtime": 0.1789999008178711, "status": 2, "profit-dictionary": {"0": 1.0, "1": 1.0, "2": 1.0, "3": 1.0, "4": 0.0, "5": 1.0, "6": 0.0, "7": 1.0, "8": 0.0, "9": 0.0, "10": 1.0, "11": 1.0, "12": 0.20253164556961956, "13": 1.0, "14": 1.0, "15": 0.0, "16": 1.0, "17": 1.0, "18": 0.0, "19": 1.0, "20": 0.0, "21": 1.0, "22": 1.0, "23": 1.0, "24": 1.0, "25": 0.0, "26": 1.0, "27": 1.0, "28": 1.0, "29": 1.0, "30": 1.0, "31": 1.0, "32": 1.0, "33": 1.0, "34": 1.0, "35": 1.0, "36": 1.0, "37": 1.0, "38": 0.0, "39": 1.0, "40": 1.0, "41": 1.0, "42": 1.0, "43": 0.0, "44": 0.0, "45": 1.0, "46": 1.0, "47": 1.0, "48": 0.0, "49": 1.0, "50": 1.0, "51": 1.0, "52": 1.0, "53": 1.0, "54": 1.0, "55": 1.0, "56": 1.0, "57": 1.0, "58": 0.0, "59": 1.0, "60": 1.0, "61": 0.0, "62": 0.0, "63": 1.0, "64": 0.0, "65": 1.0, "66": 1.0, "67": 1.0, "68": 1.0, "69": 1.0, "70": 1.0, "71": 1.0, "72": 1.0, "73": 1.0, "74": 1.0, "75": 1.0, "76": 1.0, "77": 1.0}}]}