{"linear-relax-results": [{"test-case-no": 1389, "test-case-name": "TestSD1.0_CPU4096_Dim4_DataCenters2_Subbid2_Quantity1", "supply-demand-ratio": 1.0, "cpu-core": 4096, "dimension": 4, "data-center": 2, "mean-of-subbids": 2, "mean-of-quantity": 1, "objective-value": 52100.74765121385, "linrelax-runtime": 0.09299993515014648, "status": 2, "profit-dictionary": {"0": 1.0, "1": 1.0, "2": 1.0, "3": 1.0, "4": 1.0, "5": 1.0, "6": 1.0, "7": 1.0, "8": 1.0, "9": 1.0, "10": 1.0, "11": 1.0, "12": 0.00865800865800878, "13": 1.0, "14": 1.0, "15": 1.0, "16": 0.0, "17": 0.0, "18": 0.0, "19": 1.0, "20": 1.0, "21": 1.0, "22": 1.0, "23": 1.0, "24": 0.0, "25": 0.0, "26": 0.0, "27": 1.0, "28": 1.0, "29": 1.0, "30": 1.0, "31": 1.0, "32": 1.0, "33": 0.0, "34": 0.0, "35": 1.0, "36": 0.0, "37": 0.0, "38": 1.0, "39": 1.0, "40": 1.0, "41": 1.0, "42": 1.0, "43": 1.0, "44": 1.0, "45": 1.0, "46": 1.0, "47": 1.0, "48": 0.0, "49": 1.0, "50": 1.0, "51": 0.0, "52": 1.0, "53": 0.0, "54": 0.0, "55": 1.0, "56": 0.0, "57": 1.0, "58": 0.0, "59": 1.0, "60": 1.0, "61": 1.0, "62": 1.0, "63": 1.0, "64": 0.0, "65": 1.0, "66": 1.0, "67": 0.0, "68": 0.0, "69": 0.0, "70": 0.0, "71": 0.0, "72": 0.0, "73": 0.0, "74": 1.0, "75": 1.0, "76": 0.0, "77": 1.0}}]}