{"linear-relax-results": [{"test-case-no": 1360, "test-case-name": "TestSD1.0_CPU4096_Dim3_DataCenters2_Subbid1_Quantity1.5", "supply-demand-ratio": 1.0, "cpu-core": 4096, "dimension": 3, "data-center": 2, "mean-of-subbids": 1, "mean-of-quantity": 1, "objective-value": 52998.600465066665, "linrelax-runtime": 0.10500001907348633, "status": 2, "profit-dictionary": {"0": 0.0, "1": 1.0, "2": 1.0, "3": 1.0, "4": 1.0, "5": 0.0, "6": 0.0, "7": 0.0, "8": 1.0, "9": 1.0, "10": 0.0, "11": 0.0, "12": 1.0, "13": 0.0, "14": 1.0, "15": 0.0, "16": 1.0, "17": 1.0, "18": 1.0, "19": 1.0, "20": 0.0, "21": 0.0, "22": 1.0, "23": 1.0, "24": 1.0, "25": 0.0, "26": 1.0, "27": 0.0, "28": 0.0, "29": 1.0, "30": 1.0, "31": 1.0, "32": 0.0, "33": 1.0, "34": 1.0, "35": 1.0, "36": 0.0, "37": 1.0, "38": 0.0, "39": 1.0, "40": 1.0, "41": 1.0, "42": 1.0, "43": 0.0, "44": 1.0, "45": 0.0, "46": 1.0, "47": 1.0, "48": 1.0, "49": 1.0, "50": 1.0, "51": 1.0, "52": 1.0, "53": 1.0, "54": 0.0, "55": 1.0, "56": 0.0, "57": 0.0, "58": 1.0, "59": 1.0, "60": 0.0, "61": 0.0, "62": 0.0, "63": 1.0, "64": 1.0, "65": 0.0, "66": 1.0, "67": 1.0, "68": 1.0, "69": 1.0, "70": 0.0, "71": 1.0, "72": 1.0, "73": 0.0, "74": 1.0, "75": 0.0, "76": 0.0, "77": 1.0, "78": 1.0, "79": 0.0, "80": 0.0, "81": 0.0, "82": 1.0, "83": 0.0, "84": 0.0, "85": 1.0, "86": 0.0, "87": 0.0, "88": 1.0, "89": 0.0, "90": 1.0, "91": 1.0, "92": 0.2592592592592577, "93": 0.0, "94": 0.0, "95": 1.0, "96": 0.0, "97": 1.0, "98": 0.0}}]}