{"linear-relax-results": [{"test-case-no": 1334, "test-case-name": "TestSD1.0_CPU4096_Dim2_DataCenters2_Subbid1_Quantity2", "supply-demand-ratio": 1.0, "cpu-core": 4096, "dimension": 2, "data-center": 2, "mean-of-subbids": 1, "mean-of-quantity": 2, "objective-value": 55798.56342802963, "linrelax-runtime": 0.10599994659423828, "status": 2, "profit-dictionary": {"0": 0.0, "1": 1.0, "2": 0.0, "3": 0.0, "4": 1.0, "5": 1.0, "6": 0.5925925925925926, "7": 1.0, "8": 0.0, "9": 0.0, "10": 1.0, "11": 0.0, "12": 0.0, "13": 0.0, "14": 0.0, "15": 1.0, "16": 0.0, "17": 1.0, "18": 0.0, "19": 0.0, "20": 1.0, "21": 1.0, "22": 1.0, "23": 0.0, "24": 0.0, "25": 1.0, "26": 0.0, "27": 0.0, "28": 1.0, "29": 1.0, "30": 0.0, "31": 1.0, "32": 1.0, "33": 0.0, "34": 1.0, "35": 1.0, "36": 0.0, "37": 1.0, "38": 1.0, "39": 0.0, "40": 0.0, "41": 0.0, "42": 1.0, "43": 1.0, "44": 1.0, "45": 0.0, "46": 1.0, "47": 0.0, "48": 0.0, "49": 1.0, "50": 1.0, "51": 0.0, "52": 0.0, "53": 1.0, "54": 0.0, "55": 0.0, "56": 0.0, "57": 1.0, "58": 1.0, "59": 1.0, "60": 1.0, "61": 1.0, "62": 0.0, "63": 1.0, "64": 1.0, "65": 1.0, "66": 1.0, "67": 0.0, "68": 1.0, "69": 0.0, "70": 0.0, "71": 0.0, "72": 1.0, "73": 0.0, "74": 1.0, "75": 0.0, "76": 0.0, "77": 0.0, "78": 0.0, "79": 0.0, "80": 0.0, "81": 1.0, "82": 1.0, "83": 1.0, "84": 0.0, "85": 0.0, "86": 1.0, "87": 1.0, "88": 1.0, "89": 1.0, "90": 0.0, "91": 1.0, "92": 0.0, "93": 1.0, "94": 1.0, "95": 0.0, "96": 1.0, "97": 1.0, "98": 0.0, "99": 0.0, "100": 0.0}}]}