{"linear-relax-results": [{"test-case-no": 871, "test-case-name": "TestSD0.75_CPU4096_Dim1_DataCenters1_Subbid3_Quantity1.5", "supply-demand-ratio": 0.75, "cpu-core": 4096, "dimension": 1, "data-center": 1, "mean-of-subbids": 3, "mean-of-quantity": 1, "objective-value": 46935.49042983896, "linrelax-runtime": 0.02500009536743164, "status": 2, "profit-dictionary": {"0": 0.0, "1": 0.7337662337662336, "2": 1.0, "3": 0.0, "4": 1.0, "5": 0.0, "6": 1.0, "7": 1.0, "8": 1.0, "9": 1.0, "10": 1.0, "11": 0.0, "12": 1.0, "13": 1.0, "14": 1.0, "15": 1.0, "16": 0.0, "17": 0.0, "18": 0.0, "19": 1.0, "20": 1.0, "21": 1.0, "22": 1.0, "23": 1.0, "24": 1.0, "25": 1.0, "26": 1.0, "27": 1.0, "28": 1.0, "29": 1.0, "30": 0.0, "31": 1.0, "32": 1.0, "33": 1.0, "34": 1.0, "35": 1.0, "36": 1.0}}]}