{"linear-relax-results": [{"test-case-no": 1392, "test-case-name": "TestSD1.0_CPU4096_Dim4_DataCenters2_Subbid3_Quantity1", "supply-demand-ratio": 1.0, "cpu-core": 4096, "dimension": 4, "data-center": 2, "mean-of-subbids": 3, "mean-of-quantity": 1, "objective-value": 51681.537348695856, "linrelax-runtime": 0.09999990463256836, "status": 2, "profit-dictionary": {"0": 1.0, "1": 1.0, "2": 0.0, "3": 0.0, "4": 1.0, "5": 0.05325443786982234, "6": 1.0, "7": 0.0, "8": 1.0, "9": 1.0, "10": 0.0, "11": 1.0, "12": 0.0, "13": 1.0, "14": 1.0, "15": 1.0, "16": 1.0, "17": 1.0, "18": 0.0, "19": 0.0, "20": 0.0, "21": 1.0, "22": 1.0, "23": 1.0, "24": 1.0, "25": 1.0, "26": 1.0, "27": 1.0, "28": 1.0, "29": 0.0, "30": 1.0, "31": 0.0, "32": 1.0, "33": 1.0, "34": 1.0, "35": 0.0, "36": 1.0, "37": 0.0, "38": 1.0, "39": 0.0, "40": 1.0, "41": 1.0, "42": 1.0, "43": 1.0, "44": 0.0, "45": 1.0, "46": 0.0, "47": 1.0, "48": 1.0, "49": 1.0, "50": 1.0, "51": 1.0, "52": 1.0, "53": 1.0, "54": 1.0, "55": 1.0, "56": 1.0, "57": 1.0, "58": 1.0}}]}