{"linear-relax-results": [{"test-case-no": 1205, "test-case-name": "TestSD0.75_CPU10240_Dim1_DataCenters2_Subbid3_Quantity2", "supply-demand-ratio": 0.75, "cpu-core": 10240, "dimension": 1, "data-center": 2, "mean-of-subbids": 3, "mean-of-quantity": 2, "objective-value": 134643.27660126315, "linrelax-runtime": 0.34599995613098145, "status": 2, "profit-dictionary": {"0": 1.0, "1": 0.0, "2": 1.0, "3": 0.0, "4": 1.0, "5": 1.0, "6": 0.0, "7": 1.0, "8": 0.0, "9": 1.0, "10": 1.0, "11": 1.0, "12": 1.0, "13": 1.0, "14": 1.0, "15": 1.0, "16": 0.0, "17": 0.0, "18": 1.0, "19": 1.0, "20": 0.0, "21": 0.0, "22": 1.0, "23": 1.0, "24": 1.0, "25": 1.0, "26": 1.0, "27": 0.0, "28": 0.0, "29": 0.0, "30": 0.0, "31": 0.0, "32": 1.0, "33": 1.0, "34": 0.0, "35": 0.0, "36": 1.0, "37": 0.0, "38": 1.0, "39": 1.0, "40": 1.0, "41": 1.0, "42": 1.0, "43": 0.5894736842105263, "44": 1.0, "45": 1.0, "46": 1.0, "47": 1.0, "48": 1.0, "49": 1.0, "50": 0.0, "51": 1.0, "52": 0.0, "53": 0.0, "54": 1.0, "55": 0.0, "56": 1.0, "57": 1.0, "58": 0.0, "59": 1.0, "60": 1.0, "61": 0.0, "62": 1.0, "63": 1.0, "64": 1.0, "65": 1.0, "66": 1.0, "67": 0.0, "68": 1.0, "69": 0.0, "70": 0.0, "71": 0.0, "72": 0.0, "73": 1.0, "74": 1.0, "75": 1.0, "76": 1.0, "77": 1.0, "78": 0.0, "79": 0.0, "80": 1.0, "81": 1.0, "82": 1.0, "83": 0.0, "84": 1.0, "85": 1.0, "86": 1.0, "87": 0.0, "88": 0.0, "89": 1.0, "90": 1.0, "91": 1.0, "92": 1.0, "93": 0.0, "94": 0.0, "95": 1.0, "96": 0.0, "97": 1.0, "98": 0.0, "99": 1.0, "100": 0.0}}]}