{"linear-relax-results": [{"test-case-no": 1399, "test-case-name": "TestSD1.0_CPU4096_Dim4_DataCenters4_Subbid2_Quantity1.5", "supply-demand-ratio": 1.0, "cpu-core": 4096, "dimension": 4, "data-center": 4, "mean-of-subbids": 2, "mean-of-quantity": 1, "objective-value": 47433.30176777142, "linrelax-runtime": 0.12100005149841309, "status": 2, "profit-dictionary": {"0": 0.0, "1": 1.0, "2": 0.0, "3": 1.0, "4": 1.0, "5": 0.0, "6": 1.0, "7": 0.0, "8": 1.0, "9": 1.0, "10": 0.0, "11": 1.0, "12": 1.0, "13": 0.0, "14": 1.0, "15": 0.0, "16": 0.0, "17": 0.0, "18": 1.0, "19": 1.0, "20": 1.0, "21": 0.0, "22": 1.0, "23": 1.0, "24": 1.0, "25": 1.0, "26": 1.0, "27": 0.0, "28": 1.0, "29": 1.0, "30": 0.0, "31": 1.0, "32": 1.0, "33": 1.0, "34": 1.0, "35": 0.0, "36": 1.0, "37": 1.0, "38": 1.0, "39": 1.0, "40": 0.0, "41": 1.0, "42": 0.0, "43": 0.8214285714285707, "44": 1.0, "45": 1.0, "46": 1.0, "47": 1.0, "48": 1.0, "49": 0.0, "50": 1.0, "51": 0.0, "52": 1.0, "53": 1.0, "54": 1.0, "55": 0.0, "56": 0.0, "57": 1.0, "58": 1.0, "59": 0.0, "60": 1.0, "61": 1.0, "62": 0.0, "63": 0.0, "64": 1.0, "65": 1.0, "66": 1.0, "67": 0.0, "68": 1.0}}]}