{"linear-relax-results": [{"test-case-no": 530, "test-case-name": "TestSD0.5_CPU4096_Dim4_DataCenters2_Subbid3_Quantity2", "supply-demand-ratio": 0.5, "cpu-core": 4096, "dimension": 4, "data-center": 2, "mean-of-subbids": 3, "mean-of-quantity": 2, "objective-value": 50433.41419055686, "linrelax-runtime": 0.046000003814697266, "status": 2, "profit-dictionary": {"0": 1.0, "1": 1.0, "2": 0.0, "3": 1.0, "4": 1.0, "5": 1.0, "6": 0.0, "7": 1.0, "8": 0.0, "9": 1.0, "10": 1.0, "11": 1.0, "12": 0.0, "13": 1.0, "14": 0.0, "15": 0.0, "16": 1.0, "17": 1.0, "18": 1.0, "19": 1.0, "20": 1.0, "21": 1.0, "22": 0.46732026143790817, "23": 1.0}}]}