{"linear-relax-results": [{"test-case-no": 1502, "test-case-name": "TestSD1.0_CPU6144_Dim4_DataCenters2_Subbid3_Quantity2", "supply-demand-ratio": 1.0, "cpu-core": 6144, "dimension": 4, "data-center": 2, "mean-of-subbids": 3, "mean-of-quantity": 2, "objective-value": 84363.79110855891, "linrelax-runtime": 0.16499996185302734, "status": 2, "profit-dictionary": {"0": 0.0, "1": 1.0, "2": 0.0, "3": 1.0, "4": 0.0, "5": 0.0, "6": 0.0, "7": 1.0, "8": 1.0, "9": 1.0, "10": 0.0, "11": 0.0, "12": 0.0, "13": 1.0, "14": 0.0, "15": 0.0, "16": 1.0, "17": 1.0, "18": 0.0, "19": 1.0, "20": 1.0, "21": 1.0, "22": 0.0, "23": 1.0, "24": 1.0, "25": 0.0, "26": 0.0, "27": 1.0, "28": 0.0, "29": 0.0, "30": 1.0, "31": 0.6027397260273952, "32": 1.0, "33": 1.0, "34": 1.0, "35": 1.0, "36": 0.0, "37": 0.0, "38": 1.0, "39": 0.0, "40": 0.0, "41": 0.0, "42": 0.0, "43": 0.0, "44": 1.0, "45": 1.0, "46": 0.0, "47": 1.0, "48": 1.0, "49": 1.0, "50": 1.0, "51": 0.0, "52": 0.0, "53": 1.0, "54": 1.0, "55": 1.0, "56": 0.0, "57": 1.0, "58": 1.0, "59": 1.0, "60": 1.0, "61": 0.0, "62": 1.0, "63": 0.0, "64": 0.0, "65": 0.0, "66": 0.0, "67": 0.0, "68": 0.0, "69": 1.0, "70": 0.0, "71": 1.0, "72": 0.0, "73": 0.0, "74": 0.0, "75": 0.0, "76": 1.0, "77": 0.0, "78": 0.0, "79": 1.0, "80": 0.0, "81": 1.0, "82": 0.0, "83": 1.0, "84": 1.0}}]}