{"linear-relax-results": [{"test-case-no": 1418, "test-case-name": "TestSD1.0_CPU6144_Dim1_DataCenters2_Subbid2_Quantity2", "supply-demand-ratio": 1.0, "cpu-core": 6144, "dimension": 1, "data-center": 2, "mean-of-subbids": 2, "mean-of-quantity": 2, "objective-value": 89971.31483901414, "linrelax-runtime": 0.13299989700317383, "status": 2, "profit-dictionary": {"0": 0.0, "1": 1.0, "2": 1.0, "3": 0.0, "4": 0.0, "5": 1.0, "6": 1.0, "7": 1.0, "8": 0.0, "9": 1.0, "10": 0.0, "11": 1.0, "12": 0.0, "13": 0.0, "14": 1.0, "15": 0.0, "16": 1.0, "17": 0.0, "18": 0.0, "19": 1.0, "20": 0.0, "21": 0.0, "22": 1.0, "23": 0.0, "24": 1.0, "25": 1.0, "26": 1.0, "27": 0.0, "28": 0.0, "29": 0.0, "30": 0.0, "31": 0.0, "32": 0.0, "33": 0.0, "34": 1.0, "35": 0.0, "36": 0.0, "37": 0.0, "38": 0.0, "39": 0.0, "40": 1.0, "41": 0.0, "42": 0.0, "43": 1.0, "44": 0.0, "45": 0.0, "46": 0.5858585858585854, "47": 0.0, "48": 0.0, "49": 1.0, "50": 1.0, "51": 1.0, "52": 0.0, "53": 1.0, "54": 1.0, "55": 1.0, "56": 1.0, "57": 0.0, "58": 0.0, "59": 1.0, "60": 0.0, "61": 0.0, "62": 1.0, "63": 1.0, "64": 0.0, "65": 0.0, "66": 1.0, "67": 1.0, "68": 0.0, "69": 1.0, "70": 1.0, "71": 1.0, "72": 0.0, "73": 0.0, "74": 0.0, "75": 1.0, "76": 0.0, "77": 0.0, "78": 1.0, "79": 1.0, "80": 1.0, "81": 0.0, "82": 1.0, "83": 1.0, "84": 0.0, "85": 1.0, "86": 1.0, "87": 0.0, "88": 0.0, "89": 0.0, "90": 0.0, "91": 1.0, "92": 0.0, "93": 0.0, "94": 1.0, "95": 1.0, "96": 1.0, "97": 0.0}}]}