{"linear-relax-results": [{"test-case-no": 917, "test-case-name": "TestSD0.75_CPU4096_Dim2_DataCenters4_Subbid3_Quantity2", "supply-demand-ratio": 0.75, "cpu-core": 4096, "dimension": 2, "data-center": 4, "mean-of-subbids": 3, "mean-of-quantity": 2, "objective-value": 51798.49477489553, "linrelax-runtime": 0.14800000190734863, "status": 2, "profit-dictionary": {"0": 0.0, "1": 0.0, "2": 0.0, "3": 0.0, "4": 1.0, "5": 1.0, "6": 0.0, "7": 0.0, "8": 0.0, "9": 0.0, "10": 1.0, "11": 0.0, "12": 1.0, "13": 1.0, "14": 1.0, "15": 0.0, "16": 1.0, "17": 1.0, "18": 1.0, "19": 1.0, "20": 0.0, "21": 1.0, "22": 1.0, "23": 0.0, "24": 1.0, "25": 1.0, "26": 1.0, "27": 0.0, "28": 1.0, "29": 0.9816272965879265, "30": 1.0, "31": 0.0}}]}