{"linear-relax-results": [{"test-case-no": 1537, "test-case-name": "TestSD1.0_CPU8192_Dim1_DataCenters4_Subbid3_Quantity1.5", "supply-demand-ratio": 1.0, "cpu-core": 8192, "dimension": 1, "data-center": 4, "mean-of-subbids": 3, "mean-of-quantity": 1, "objective-value": 102524.38236514699, "linrelax-runtime": 0.5399999618530273, "status": 2, "profit-dictionary": {"0": 1.0, "1": 0.0, "2": 0.0, "3": 1.0, "4": 1.0, "5": 1.0, "6": 0.0, "7": 0.0, "8": 0.0, "9": 1.0, "10": 1.0, "11": 1.0, "12": 1.0, "13": 0.0, "14": 1.0, "15": 0.0, "16": 1.0, "17": 1.0, "18": 1.0, "19": 1.0, "20": 1.0, "21": 1.0, "22": 1.0, "23": 1.0, "24": 0.0, "25": 1.0, "26": 1.0, "27": 0.0, "28": 0.0, "29": 0.0, "30": 1.0, "31": 0.0, "32": 1.0, "33": 0.0, "34": 1.0, "35": 1.0, "36": 0.0, "37": 1.0, "38": 0.0, "39": 1.0, "40": 0.0, "41": 1.0, "42": 0.0, "43": 0.0, "44": 1.0, "45": 1.0, "46": 1.0, "47": 1.0, "48": 0.0, "49": 1.0, "50": 0.0, "51": 1.0, "52": 1.0, "53": 1.0, "54": 1.0, "55": 1.0, "56": 1.0, "57": 1.0, "58": 1.0, "59": 1.0, "60": 1.0, "61": 1.0, "62": 0.0, "63": 0.0, "64": 0.0, "65": 1.0, "66": 0.0, "67": 1.0, "68": 1.0, "69": 1.0, "70": 1.0, "71": 1.0, "72": 0.0, "73": 1.0, "74": 0.0, "75": 0.0, "76": 1.0, "77": 0.14457831325301204, "78": 1.0, "79": 1.0, "80": 1.0, "81": 1.0, "82": 0.0, "83": 0.0, "84": 1.0, "85": 1.0, "86": 1.0, "87": 0.0, "88": 0.0, "89": 1.0, "90": 0.0, "91": 1.0, "92": 1.0, "93": 0.0, "94": 0.0, "95": 0.0, "96": 1.0, "97": 1.0, "98": 1.0, "99": 0.0}}]}