{"linear-relax-results": [{"test-case-no": 1277, "test-case-name": "TestSD0.75_CPU10240_Dim4_DataCenters1_Subbid3_Quantity2", "supply-demand-ratio": 0.75, "cpu-core": 10240, "dimension": 4, "data-center": 1, "mean-of-subbids": 3, "mean-of-quantity": 2, "objective-value": 129250.10367200001, "linrelax-runtime": 0.22299981117248535, "status": 2, "profit-dictionary": {"0": 0.0, "1": 0.0, "2": 1.0, "3": 1.0, "4": 0.0, "5": 1.0, "6": 0.0, "7": 1.0, "8": 1.0, "9": 1.0, "10": 0.0, "11": 0.0, "12": 1.0, "13": 0.0, "14": 0.0, "15": 1.0, "16": 1.0, "17": 0.0, "18": 1.0, "19": 1.0, "20": 1.0, "21": 1.0, "22": 1.0, "23": 0.0, "24": 0.0, "25": 1.0, "26": 0.0, "27": 1.0, "28": 0.0, "29": 1.0, "30": 0.0, "31": 0.0, "32": 1.0, "33": 1.0, "34": 1.0, "35": 1.0, "36": 0.0, "37": 0.0, "38": 1.0, "39": 0.0, "40": 1.0, "41": 0.0, "42": 1.0, "43": 0.0, "44": 1.0, "45": 1.0, "46": 0.0, "47": 0.0, "48": 1.0, "49": 0.0, "50": 1.0, "51": 1.0, "52": 0.0, "53": 1.0, "54": 0.0, "55": 0.0, "56": 1.0, "57": 0.0, "58": 1.0, "59": 0.0, "60": 1.0, "61": 1.0, "62": 0.0, "63": 0.0, "64": 1.0, "65": 1.0, "66": 1.0, "67": 1.0, "68": 0.0, "69": 1.0, "70": 1.0, "71": 1.0, "72": 1.0, "73": 1.0, "74": 1.0, "75": 0.056249999999999876, "76": 1.0, "77": 0.0, "78": 1.0, "79": 1.0, "80": 1.0}}]}