{"linear-relax-results": [{"test-case-no": 1340, "test-case-name": "TestSD1.0_CPU4096_Dim2_DataCenters2_Subbid3_Quantity2", "supply-demand-ratio": 1.0, "cpu-core": 4096, "dimension": 2, "data-center": 2, "mean-of-subbids": 3, "mean-of-quantity": 2, "objective-value": 57271.26916425366, "linrelax-runtime": 0.12400007247924805, "status": 2, "profit-dictionary": {"0": 0.0, "1": 0.0, "2": 0.0, "3": 1.0, "4": 1.0, "5": 0.0, "6": 0.0, "7": 0.0, "8": 1.0, "9": 1.0, "10": 0.0, "11": 1.0, "12": 1.0, "13": 1.0, "14": 1.0, "15": 0.0, "16": 1.0, "17": 0.0, "18": 0.0, "19": 0.0, "20": 0.0, "21": 1.0, "22": 1.0, "23": 0.0, "24": 0.0, "25": 0.0, "26": 0.0, "27": 1.0, "28": 1.0, "29": 1.0, "30": 0.0, "31": 0.0, "32": 0.0, "33": 1.0, "34": 1.0, "35": 1.0, "36": 0.0, "37": 0.0, "38": 1.0, "39": 1.0, "40": 1.0, "41": 0.0, "42": 0.7012195121951214, "43": 0.0, "44": 1.0, "45": 0.0, "46": 1.0, "47": 0.0, "48": 0.0}}]}