{"linear-relax-results": [{"test-case-no": 1114, "test-case-name": "TestSD0.75_CPU8192_Dim2_DataCenters1_Subbid3_Quantity1.5", "supply-demand-ratio": 0.75, "cpu-core": 8192, "dimension": 2, "data-center": 1, "mean-of-subbids": 3, "mean-of-quantity": 1, "objective-value": 104039.43970230588, "linrelax-runtime": 0.10800004005432129, "status": 2, "profit-dictionary": {"0": 1.0, "1": 0.3602941176470585, "2": 0.0, "3": 1.0, "4": 1.0, "5": 0.0, "6": 1.0, "7": 1.0, "8": 1.0, "9": 1.0, "10": 1.0, "11": 1.0, "12": 1.0, "13": 1.0, "14": 0.0, "15": 1.0, "16": 1.0, "17": 1.0, "18": 1.0, "19": 1.0, "20": 1.0, "21": 1.0, "22": 0.0, "23": 1.0, "24": 0.0, "25": 1.0, "26": 1.0, "27": 0.0, "28": 1.0, "29": 0.0, "30": 1.0, "31": 1.0, "32": 1.0, "33": 1.0, "34": 0.0, "35": 1.0, "36": 1.0, "37": 1.0, "38": 1.0, "39": 1.0, "40": 1.0, "41": 1.0, "42": 1.0, "43": 1.0, "44": 1.0, "45": 0.0, "46": 1.0, "47": 1.0, "48": 1.0, "49": 0.0, "50": 1.0, "51": 0.0, "52": 0.0, "53": 0.0, "54": 1.0, "55": 1.0, "56": 1.0, "57": 0.0, "58": 1.0, "59": 1.0, "60": 1.0, "61": 1.0, "62": 1.0, "63": 1.0, "64": 1.0, "65": 0.0, "66": 0.0, "67": 1.0}}]}