{"linear-relax-results": [{"test-case-no": 375, "test-case-name": "TestSD0.25_CPU10240_Dim2_DataCenters4_Subbid3_Quantity1", "supply-demand-ratio": 0.25, "cpu-core": 10240, "dimension": 2, "data-center": 4, "mean-of-subbids": 3, "mean-of-quantity": 1, "objective-value": 44602.58119515625, "linrelax-runtime": 0.1789999008178711, "status": 2, "profit-dictionary": {"0": 1.0, "1": 1.0, "2": 1.0, "3": 1.0, "4": 1.0, "5": 1.0, "6": 1.0, "7": 1.0, "8": 1.0, "9": 1.0, "10": 1.0, "11": 1.0, "12": 1.0, "13": 1.0, "14": 1.0, "15": 1.0, "16": 1.0, "17": 1.0, "18": 1.0, "19": 1.0, "20": 1.0, "21": 1.0, "22": 1.0, "23": 1.0}}]}