{"linear-relax-results": [{"test-case-no": 1344, "test-case-name": "TestSD1.0_CPU4096_Dim2_DataCenters4_Subbid2_Quantity1", "supply-demand-ratio": 1.0, "cpu-core": 4096, "dimension": 2, "data-center": 4, "mean-of-subbids": 2, "mean-of-quantity": 1, "objective-value": 50928.95379052743, "linrelax-runtime": 0.21300005912780762, "status": 2, "profit-dictionary": {"0": 0.0, "1": 1.0, "2": 1.0, "3": 1.0, "4": 0.0, "5": 1.0, "6": 1.0, "7": 1.0, "8": 1.0, "9": 1.0, "10": 0.0, "11": 1.0, "12": 0.0, "13": 0.9410029498525073, "14": 1.0, "15": 1.0, "16": 1.0, "17": 1.0, "18": 1.0, "19": 0.0, "20": 0.0, "21": 0.0, "22": 1.0, "23": 0.0, "24": 1.0, "25": 0.0, "26": 0.0, "27": 1.0, "28": 1.0, "29": 1.0, "30": 1.0, "31": 1.0, "32": 1.0, "33": 0.0, "34": 0.0, "35": 0.0, "36": 1.0, "37": 0.0, "38": 0.0, "39": 1.0, "40": 0.0, "41": 0.0, "42": 1.0, "43": 1.0, "44": 1.0, "45": 1.0, "46": 1.0, "47": 1.0, "48": 1.0, "49": 1.0, "50": 0.0, "51": 1.0, "52": 0.0, "53": 1.0, "54": 0.0, "55": 1.0, "56": 1.0, "57": 1.0, "58": 1.0, "59": 1.0, "60": 1.0, "61": 1.0, "62": 1.0, "63": 1.0, "64": 1.0, "65": 0.0, "66": 1.0, "67": 0.0, "68": 0.0, "69": 0.0}}]}