{"linear-relax-results": [{"test-case-no": 1336, "test-case-name": "TestSD1.0_CPU4096_Dim2_DataCenters2_Subbid2_Quantity1.5", "supply-demand-ratio": 1.0, "cpu-core": 4096, "dimension": 2, "data-center": 2, "mean-of-subbids": 2, "mean-of-quantity": 1, "objective-value": 52723.36928227097, "linrelax-runtime": 0.12000012397766113, "status": 2, "profit-dictionary": {"0": 0.0, "1": 0.0, "2": 1.0, "3": 1.0, "4": 1.0, "5": 1.0, "6": 0.0, "7": 0.0, "8": 1.0, "9": 1.0, "10": 0.0, "11": 0.0, "12": 1.0, "13": 1.0, "14": 0.0, "15": 1.0, "16": 1.0, "17": 0.0, "18": 1.0, "19": 0.0, "20": 1.0, "21": 0.0, "22": 0.0, "23": 0.0, "24": 0.0, "25": 1.0, "26": 1.0, "27": 0.0, "28": 1.0, "29": 0.0, "30": 1.0, "31": 0.0, "32": 1.0, "33": 0.0, "34": 1.0, "35": 1.0, "36": 0.0, "37": 0.33870967741935515, "38": 0.0, "39": 0.0, "40": 1.0, "41": 0.0, "42": 1.0, "43": 1.0, "44": 1.0, "45": 1.0, "46": 1.0, "47": 1.0, "48": 1.0, "49": 0.0, "50": 1.0, "51": 0.0, "52": 0.0, "53": 0.0, "54": 1.0, "55": 0.0, "56": 0.0, "57": 1.0, "58": 1.0, "59": 1.0, "60": 1.0, "61": 0.0, "62": 0.0, "63": 0.0, "64": 0.0, "65": 1.0, "66": 1.0}}]}