{"linear-relax-results": [{"test-case-no": 880, "test-case-name": "TestSD0.75_CPU4096_Dim1_DataCenters2_Subbid3_Quantity1.5", "supply-demand-ratio": 0.75, "cpu-core": 4096, "dimension": 1, "data-center": 2, "mean-of-subbids": 3, "mean-of-quantity": 1, "objective-value": 51761.78228324849, "linrelax-runtime": 0.05500006675720215, "status": 2, "profit-dictionary": {"0": 0.0, "1": 1.0, "2": 1.0, "3": 0.0, "4": 1.0, "5": 0.0, "6": 0.0, "7": 0.8484848484848478, "8": 1.0, "9": 1.0, "10": 1.0, "11": 1.0, "12": 0.0, "13": 1.0, "14": 1.0, "15": 1.0, "16": 1.0, "17": 1.0, "18": 1.0, "19": 1.0, "20": 0.0, "21": 1.0, "22": 1.0, "23": 0.0, "24": 1.0, "25": 1.0, "26": 0.0, "27": 1.0, "28": 1.0, "29": 0.0, "30": 1.0, "31": 1.0, "32": 1.0, "33": 1.0, "34": 1.0, "35": 1.0, "36": 1.0}}]}