{"linear-relax-results": [{"test-case-no": 1436, "test-case-name": "TestSD1.0_CPU6144_Dim2_DataCenters1_Subbid2_Quantity2", "supply-demand-ratio": 1.0, "cpu-core": 6144, "dimension": 2, "data-center": 1, "mean-of-subbids": 2, "mean-of-quantity": 2, "objective-value": 83301.62213712069, "linrelax-runtime": 0.08699989318847656, "status": 2, "profit-dictionary": {"0": 0.0, "1": 0.0, "2": 0.0, "3": 1.0, "4": 1.0, "5": 1.0, "6": 1.0, "7": 1.0, "8": 1.0, "9": 0.0, "10": 1.0, "11": 0.0, "12": 0.40088105726872286, "13": 0.0, "14": 0.0, "15": 1.0, "16": 0.0, "17": 0.0, "18": 0.0, "19": 1.0, "20": 0.0, "21": 0.0, "22": 1.0, "23": 1.0, "24": 0.0, "25": 0.0, "26": 0.0, "27": 1.0, "28": 1.0, "29": 0.0, "30": 0.0, "31": 0.0, "32": 0.0, "33": 1.0, "34": 0.0, "35": 0.0, "36": 0.0, "37": 1.0, "38": 1.0, "39": 1.0, "40": 0.0, "41": 1.0, "42": 1.0, "43": 1.0, "44": 1.0, "45": 1.0, "46": 0.0, "47": 0.0, "48": 1.0, "49": 1.0, "50": 0.0, "51": 1.0, "52": 0.0, "53": 1.0, "54": 0.0, "55": 1.0, "56": 1.0, "57": 1.0, "58": 0.0, "59": 0.0, "60": 0.0, "61": 1.0, "62": 1.0, "63": 1.0, "64": 1.0, "65": 0.0, "66": 1.0, "67": 0.0, "68": 1.0, "69": 0.0, "70": 0.0, "71": 0.0, "72": 0.0, "73": 0.0, "74": 1.0, "75": 0.0, "76": 0.0, "77": 0.0, "78": 1.0, "79": 0.0, "80": 1.0, "81": 0.0, "82": 1.0, "83": 0.0, "84": 0.0, "85": 0.0, "86": 0.0, "87": 1.0, "88": 1.0, "89": 0.0, "90": 0.0, "91": 0.0, "92": 0.0, "93": 0.0, "94": 0.0, "95": 1.0, "96": 1.0, "97": 0.0, "98": 1.0, "99": 1.0, "100": 0.0, "101": 1.0}}]}