{"linear-relax-results": [{"test-case-no": 1294, "test-case-name": "TestSD0.75_CPU10240_Dim4_DataCenters4_Subbid3_Quantity1.5", "supply-demand-ratio": 0.75, "cpu-core": 10240, "dimension": 4, "data-center": 4, "mean-of-subbids": 3, "mean-of-quantity": 1, "objective-value": 129301.12526660465, "linrelax-runtime": 0.5540001392364502, "status": 2, "profit-dictionary": {"0": 1.0, "1": 1.0, "2": 1.0, "3": 1.0, "4": 0.0, "5": 1.0, "6": 1.0, "7": 0.0, "8": 0.0, "9": 1.0, "10": 0.0, "11": 1.0, "12": 1.0, "13": 1.0, "14": 1.0, "15": 0.0, "16": 0.0, "17": 1.0, "18": 0.0, "19": 0.0, "20": 1.0, "21": 1.0, "22": 1.0, "23": 0.0, "24": 0.0, "25": 1.0, "26": 1.0, "27": 0.0, "28": 1.0, "29": 1.0, "30": 1.0, "31": 0.0, "32": 1.0, "33": 0.993355481727575, "34": 0.0, "35": 1.0, "36": 0.0, "37": 1.0, "38": 0.0, "39": 1.0, "40": 0.0, "41": 0.0, "42": 1.0, "43": 0.0, "44": 1.0, "45": 1.0, "46": 1.0, "47": 0.0, "48": 0.0, "49": 1.0, "50": 1.0, "51": 0.0, "52": 0.0, "53": 1.0, "54": 1.0, "55": 1.0, "56": 0.0, "57": 0.0, "58": 1.0, "59": 1.0, "60": 1.0, "61": 1.0, "62": 0.0, "63": 1.0, "64": 1.0, "65": 0.0, "66": 1.0, "67": 1.0, "68": 1.0, "69": 1.0, "70": 1.0, "71": 1.0, "72": 0.0, "73": 1.0, "74": 1.0, "75": 1.0, "76": 1.0, "77": 1.0, "78": 1.0, "79": 1.0, "80": 1.0, "81": 0.0, "82": 1.0, "83": 1.0, "84": 1.0, "85": 1.0, "86": 0.0, "87": 1.0, "88": 1.0, "89": 1.0, "90": 0.0}}]}