{"linear-relax-results": [{"test-case-no": 967, "test-case-name": "TestSD0.75_CPU4096_Dim4_DataCenters4_Subbid2_Quantity1.5", "supply-demand-ratio": 0.75, "cpu-core": 4096, "dimension": 4, "data-center": 4, "mean-of-subbids": 2, "mean-of-quantity": 1, "objective-value": 46041.753066472724, "linrelax-runtime": 0.08799982070922852, "status": 2, "profit-dictionary": {"0": 1.0, "1": 0.0, "2": 1.0, "3": 0.0, "4": 1.0, "5": 0.0, "6": 1.0, "7": 1.0, "8": 1.0, "9": 1.0, "10": 1.0, "11": 1.0, "12": 1.0, "13": 1.0, "14": 0.0, "15": 0.0, "16": 1.0, "17": 1.0, "18": 0.0, "19": 0.0, "20": 1.0, "21": 1.0, "22": 1.0, "23": 0.0, "24": 1.0, "25": 0.0, "26": 1.0, "27": 0.9545454545454537, "28": 1.0, "29": 1.0, "30": 1.0, "31": 0.0, "32": 1.0, "33": 1.0, "34": 0.0, "35": 0.0, "36": 1.0, "37": 0.0, "38": 1.0, "39": 1.0, "40": 0.0, "41": 1.0, "42": 1.0, "43": 0.0, "44": 0.0, "45": 1.0, "46": 1.0, "47": 1.0, "48": 1.0, "49": 1.0, "50": 1.0, "51": 0.0, "52": 1.0, "53": 0.0, "54": 1.0, "55": 0.0, "56": 1.0, "57": 1.0, "58": 1.0, "59": 0.0}}]}