{"linear-relax-results": [{"test-case-no": 908, "test-case-name": "TestSD0.75_CPU4096_Dim2_DataCenters2_Subbid3_Quantity2", "supply-demand-ratio": 0.75, "cpu-core": 4096, "dimension": 2, "data-center": 2, "mean-of-subbids": 3, "mean-of-quantity": 2, "objective-value": 53277.71605646452, "linrelax-runtime": 0.057000160217285156, "status": 2, "profit-dictionary": {"0": 0.0, "1": 0.0, "2": 1.0, "3": 1.0, "4": 1.0, "5": 0.0, "6": 0.0, "7": 1.0, "8": 1.0, "9": 0.0, "10": 0.0, "11": 0.0, "12": 1.0, "13": 1.0, "14": 1.0, "15": 1.0, "16": 1.0, "17": 1.0, "18": 1.0, "19": 0.0, "20": 1.0, "21": 0.0, "22": 0.0, "23": 0.8145161290322582, "24": 0.0, "25": 1.0, "26": 1.0, "27": 0.0, "28": 1.0, "29": 0.0, "30": 0.0, "31": 1.0, "32": 0.0, "33": 1.0, "34": 1.0, "35": 1.0, "36": 1.0, "37": 0.0}}]}