{"linear-relax-results": [{"test-case-no": 1527, "test-case-name": "TestSD1.0_CPU8192_Dim1_DataCenters2_Subbid3_Quantity1", "supply-demand-ratio": 1.0, "cpu-core": 8192, "dimension": 1, "data-center": 2, "mean-of-subbids": 3, "mean-of-quantity": 1, "objective-value": 106337.8454565786, "linrelax-runtime": 0.24900007247924805, "status": 2, "profit-dictionary": {"0": 0.0, "1": 0.0, "2": 1.0, "3": 0.0, "4": 1.0, "5": 1.0, "6": 1.0, "7": 0.0, "8": 1.0, "9": 1.0, "10": 1.0, "11": 1.0, "12": 1.0, "13": 1.0, "14": 0.0, "15": 0.0, "16": 0.0, "17": 1.0, "18": 0.7601476014760149, "19": 0.0, "20": 0.0, "21": 0.0, "22": 0.0, "23": 1.0, "24": 0.0, "25": 1.0, "26": 0.0, "27": 1.0, "28": 1.0, "29": 1.0, "30": 0.0, "31": 1.0, "32": 1.0, "33": 1.0, "34": 0.0, "35": 1.0, "36": 1.0, "37": 1.0, "38": 0.0, "39": 1.0, "40": 1.0, "41": 1.0, "42": 1.0, "43": 0.0, "44": 1.0, "45": 1.0, "46": 1.0, "47": 1.0, "48": 1.0, "49": 1.0, "50": 1.0, "51": 1.0, "52": 0.0, "53": 1.0, "54": 1.0, "55": 1.0, "56": 1.0, "57": 1.0, "58": 1.0, "59": 1.0, "60": 0.0, "61": 1.0, "62": 0.0, "63": 0.0, "64": 1.0, "65": 1.0, "66": 0.0, "67": 1.0, "68": 1.0, "69": 1.0, "70": 1.0, "71": 1.0, "72": 1.0, "73": 0.0, "74": 1.0, "75": 1.0, "76": 1.0, "77": 1.0, "78": 1.0, "79": 0.0, "80": 0.0, "81": 0.0, "82": 0.0, "83": 1.0, "84": 1.0, "85": 1.0, "86": 1.0, "87": 0.0, "88": 0.0, "89": 0.0, "90": 0.0, "91": 1.0, "92": 1.0, "93": 1.0, "94": 1.0, "95": 0.0, "96": 1.0}}]}