{"linear-relax-results": [{"test-case-no": 1160, "test-case-name": "TestSD0.75_CPU8192_Dim3_DataCenters4_Subbid3_Quantity2", "supply-demand-ratio": 0.75, "cpu-core": 8192, "dimension": 3, "data-center": 4, "mean-of-subbids": 3, "mean-of-quantity": 2, "objective-value": 102342.1844879238, "linrelax-runtime": 0.5350000858306885, "status": 2, "profit-dictionary": {"0": 0.0, "1": 1.0, "2": 0.604761904761905, "3": 1.0, "4": 1.0, "5": 1.0, "6": 0.0, "7": 1.0, "8": 0.0, "9": 0.0, "10": 0.0, "11": 1.0, "12": 0.0, "13": 1.0, "14": 1.0, "15": 1.0, "16": 1.0, "17": 0.0, "18": 1.0, "19": 1.0, "20": 1.0, "21": 0.0, "22": 1.0, "23": 0.0, "24": 0.0, "25": 1.0, "26": 1.0, "27": 0.0, "28": 1.0, "29": 0.0, "30": 0.0, "31": 0.0, "32": 1.0, "33": 1.0, "34": 1.0, "35": 0.0, "36": 1.0, "37": 0.0, "38": 1.0, "39": 1.0, "40": 0.0, "41": 1.0, "42": 1.0, "43": 0.0, "44": 1.0, "45": 0.0, "46": 1.0, "47": 0.0, "48": 0.0, "49": 0.0, "50": 0.0, "51": 1.0, "52": 1.0, "53": 1.0, "54": 1.0, "55": 1.0, "56": 1.0, "57": 0.0, "58": 1.0, "59": 1.0, "60": 0.0, "61": 0.0, "62": 1.0, "63": 1.0, "64": 0.0, "65": 1.0, "66": 0.0, "67": 1.0, "68": 1.0, "69": 0.0, "70": 0.0, "71": 0.0, "72": 1.0, "73": 0.0, "74": 0.0, "75": 1.0, "76": 0.0, "77": 1.0, "78": 1.0, "79": 1.0, "80": 0.0, "81": 1.0, "82": 1.0, "83": 1.0}}]}