{"linear-relax-results": [{"test-case-no": 1574, "test-case-name": "TestSD1.0_CPU8192_Dim3_DataCenters1_Subbid3_Quantity2", "supply-demand-ratio": 1.0, "cpu-core": 8192, "dimension": 3, "data-center": 1, "mean-of-subbids": 3, "mean-of-quantity": 2, "objective-value": 116374.77566487272, "linrelax-runtime": 0.16300010681152344, "status": 2, "profit-dictionary": {"0": 0.0, "1": 1.0, "2": 0.5818181818181837, "3": 0.0, "4": 1.0, "5": 0.0, "6": 1.0, "7": 1.0, "8": 1.0, "9": 1.0, "10": 1.0, "11": 1.0, "12": 0.0, "13": 1.0, "14": 0.0, "15": 0.0, "16": 0.0, "17": 1.0, "18": 1.0, "19": 0.0, "20": 1.0, "21": 0.0, "22": 0.0, "23": 0.0, "24": 0.0, "25": 0.0, "26": 0.0, "27": 1.0, "28": 1.0, "29": 1.0, "30": 0.0, "31": 0.0, "32": 0.0, "33": 1.0, "34": 1.0, "35": 0.0, "36": 0.0, "37": 0.0, "38": 0.0, "39": 0.0, "40": 0.0, "41": 0.0, "42": 0.0, "43": 0.0, "44": 0.0, "45": 1.0, "46": 0.0, "47": 1.0, "48": 1.0, "49": 1.0, "50": 1.0, "51": 1.0, "52": 0.0, "53": 1.0, "54": 1.0, "55": 0.0, "56": 0.0, "57": 1.0, "58": 1.0, "59": 1.0, "60": 0.0, "61": 0.0, "62": 0.0, "63": 0.0, "64": 0.0, "65": 0.0, "66": 1.0, "67": 0.0, "68": 0.0, "69": 1.0, "70": 1.0, "71": 1.0, "72": 1.0, "73": 1.0, "74": 1.0, "75": 0.0, "76": 1.0, "77": 0.0, "78": 0.0, "79": 1.0, "80": 1.0, "81": 1.0, "82": 0.0, "83": 0.0, "84": 0.0}}]}