{"linear-relax-results": [{"test-case-no": 1016, "test-case-name": "TestSD0.75_CPU6144_Dim2_DataCenters2_Subbid3_Quantity2", "supply-demand-ratio": 0.75, "cpu-core": 6144, "dimension": 2, "data-center": 2, "mean-of-subbids": 3, "mean-of-quantity": 2, "objective-value": 78892.90069760001, "linrelax-runtime": 0.15400004386901855, "status": 2, "profit-dictionary": {"0": 0.0, "1": 1.0, "2": 1.0, "3": 0.0, "4": 1.0, "5": 0.0, "6": 1.0, "7": 0.0, "8": 0.0, "9": 1.0, "10": 1.0, "11": 1.0, "12": 1.0, "13": 0.0, "14": 0.0, "15": 1.0, "16": 1.0, "17": 0.0, "18": 1.0, "19": 1.0, "20": 0.0, "21": 1.0, "22": 0.0, "23": 0.0, "24": 0.0, "25": 1.0, "26": 0.0, "27": 0.0, "28": 1.0, "29": 0.0, "30": 0.0, "31": 1.0, "32": 0.0, "33": 0.0, "34": 1.0, "35": 0.0, "36": 1.0, "37": 0.0, "38": 1.0, "39": 1.0, "40": 1.0, "41": 0.0, "42": 1.0, "43": 1.0, "44": 1.0, "45": 1.0, "46": 0.0, "47": 1.0, "48": 0.0, "49": 0.0, "50": 1.0, "51": 1.0, "52": 0.0, "53": 1.0, "54": 1.0, "55": 1.0, "56": 1.0, "57": 1.0, "58": 0.923076923076923}}]}