{"linear-relax-results": [{"test-case-no": 890, "test-case-name": "TestSD0.75_CPU4096_Dim1_DataCenters4_Subbid3_Quantity2", "supply-demand-ratio": 0.75, "cpu-core": 4096, "dimension": 1, "data-center": 4, "mean-of-subbids": 3, "mean-of-quantity": 2, "objective-value": 47898.027687684844, "linrelax-runtime": 0.07800006866455078, "status": 2, "profit-dictionary": {"0": 0.0, "1": 1.0, "2": 0.0, "3": 1.0, "4": 0.0, "5": 1.0, "6": 0.0, "7": 1.0, "8": 0.0, "9": 1.0, "10": 0.0, "11": 0.4981060606060605, "12": 1.0, "13": 1.0, "14": 1.0, "15": 0.0, "16": 1.0, "17": 1.0, "18": 1.0, "19": 1.0, "20": 1.0, "21": 0.0, "22": 1.0, "23": 0.0, "24": 0.0, "25": 1.0, "26": 0.0, "27": 1.0, "28": 1.0, "29": 0.0, "30": 1.0, "31": 1.0, "32": 0.0, "33": 0.0, "34": 0.0, "35": 1.0, "36": 1.0}}]}