{"linear-relax-results": [{"test-case-no": 923, "test-case-name": "TestSD0.75_CPU4096_Dim3_DataCenters1_Subbid2_Quantity2", "supply-demand-ratio": 0.75, "cpu-core": 4096, "dimension": 3, "data-center": 1, "mean-of-subbids": 2, "mean-of-quantity": 2, "objective-value": 56124.66065247347, "linrelax-runtime": 0.03600001335144043, "status": 2, "profit-dictionary": {"0": 0.47448979591836704, "1": 1.0, "2": 1.0, "3": 0.0, "4": 0.0, "5": 0.0, "6": 0.0, "7": 1.0, "8": 1.0, "9": 0.0, "10": 1.0, "11": 1.0, "12": 1.0, "13": 1.0, "14": 1.0, "15": 0.0, "16": 0.0, "17": 1.0, "18": 0.0, "19": 0.0, "20": 0.0, "21": 0.0, "22": 1.0, "23": 1.0, "24": 0.0, "25": 1.0, "26": 1.0, "27": 0.0, "28": 0.0, "29": 1.0, "30": 1.0, "31": 1.0, "32": 0.0, "33": 1.0, "34": 1.0, "35": 1.0, "36": 1.0, "37": 1.0, "38": 1.0, "39": 0.0, "40": 0.0, "41": 1.0, "42": 1.0, "43": 1.0, "44": 1.0, "45": 1.0, "46": 1.0, "47": 1.0, "48": 0.0, "49": 1.0, "50": 1.0, "51": 0.0}}]}