{"linear-relax-results": [{"test-case-no": 1106, "test-case-name": "TestSD0.75_CPU8192_Dim1_DataCenters4_Subbid3_Quantity2", "supply-demand-ratio": 0.75, "cpu-core": 8192, "dimension": 1, "data-center": 4, "mean-of-subbids": 3, "mean-of-quantity": 2, "objective-value": 106639.91305935237, "linrelax-runtime": 0.33700013160705566, "status": 2, "profit-dictionary": {"0": 0.0, "1": 0.0, "2": 1.0, "3": 0.0, "4": 0.0, "5": 1.0, "6": 0.0, "7": 1.0, "8": 0.0, "9": 0.0, "10": 0.0, "11": 0.0, "12": 1.0, "13": 1.0, "14": 0.0, "15": 0.0, "16": 1.0, "17": 0.0, "18": 1.0, "19": 0.0, "20": 0.0, "21": 1.0, "22": 1.0, "23": 0.0, "24": 1.0, "25": 1.0, "26": 1.0, "27": 0.0, "28": 1.0, "29": 1.0, "30": 0.0, "31": 0.0, "32": 0.0, "33": 0.0, "34": 1.0, "35": 1.0, "36": 1.0, "37": 1.0, "38": 0.0, "39": 1.0, "40": 1.0, "41": 1.0, "42": 1.0, "43": 0.0, "44": 1.0, "45": 1.0, "46": 1.0, "47": 1.0, "48": 1.0, "49": 1.0, "50": 0.0, "51": 1.0, "52": 1.0, "53": 1.0, "54": 0.0, "55": 1.0, "56": 0.0, "57": 1.0, "58": 0.4761904761904751, "59": 1.0, "60": 0.0, "61": 1.0, "62": 1.0, "63": 0.0, "64": 0.0, "65": 1.0, "66": 0.0}}]}