{"linear-relax-results": [{"test-case-no": 1111, "test-case-name": "TestSD0.75_CPU8192_Dim2_DataCenters1_Subbid2_Quantity1.5", "supply-demand-ratio": 0.75, "cpu-core": 8192, "dimension": 2, "data-center": 1, "mean-of-subbids": 2, "mean-of-quantity": 1, "objective-value": 104339.42836132881, "linrelax-runtime": 0.10199999809265137, "status": 2, "profit-dictionary": {"0": 1.0, "1": 1.0, "2": 1.0, "3": 1.0, "4": 1.0, "5": 0.0, "6": 1.0, "7": 1.0, "8": 1.0, "9": 1.0, "10": 1.0, "11": 1.0, "12": 0.6949152542372872, "13": 1.0, "14": 1.0, "15": 1.0, "16": 1.0, "17": 1.0, "18": 1.0, "19": 1.0, "20": 1.0, "21": 1.0, "22": 1.0, "23": 1.0, "24": 0.0, "25": 0.0, "26": 1.0, "27": 1.0, "28": 1.0, "29": 1.0, "30": 1.0, "31": 1.0, "32": 1.0, "33": 1.0, "34": 0.0, "35": 1.0, "36": 1.0, "37": 1.0, "38": 0.0, "39": 1.0, "40": 1.0, "41": 1.0, "42": 1.0, "43": 1.0, "44": 1.0, "45": 1.0, "46": 1.0, "47": 1.0, "48": 1.0, "49": 1.0, "50": 1.0, "51": 0.0, "52": 1.0, "53": 1.0, "54": 1.0, "55": 1.0, "56": 1.0, "57": 0.0, "58": 0.0, "59": 1.0, "60": 1.0, "61": 0.0, "62": 1.0, "63": 1.0, "64": 0.0, "65": 1.0, "66": 0.0, "67": 1.0, "68": 1.0, "69": 1.0, "70": 0.0, "71": 1.0, "72": 1.0, "73": 0.0, "74": 1.0, "75": 1.0, "76": 0.0, "77": 1.0, "78": 1.0, "79": 1.0, "80": 1.0, "81": 1.0, "82": 1.0, "83": 0.0, "84": 1.0, "85": 1.0, "86": 1.0, "87": 1.0, "88": 0.0, "89": 1.0, "90": 1.0, "91": 1.0, "92": 1.0}}]}