{"linear-relax-results": [{"test-case-no": 935, "test-case-name": "TestSD0.75_CPU4096_Dim3_DataCenters2_Subbid3_Quantity2", "supply-demand-ratio": 0.75, "cpu-core": 4096, "dimension": 3, "data-center": 2, "mean-of-subbids": 3, "mean-of-quantity": 2, "objective-value": 53924.20432980097, "linrelax-runtime": 0.07799983024597168, "status": 2, "profit-dictionary": {"0": 1.0, "1": 0.0, "2": 1.0, "3": 1.0, "4": 0.6570048309178737, "5": 1.0, "6": 1.0, "7": 1.0, "8": 1.0, "9": 1.0, "10": 1.0, "11": 0.0, "12": 1.0, "13": 1.0, "14": 1.0, "15": 1.0, "16": 1.0, "17": 0.0, "18": 1.0, "19": 0.0, "20": 1.0, "21": 1.0, "22": 0.0, "23": 0.0, "24": 1.0, "25": 1.0, "26": 1.0, "27": 0.0, "28": 0.0, "29": 0.0, "30": 0.0, "31": 0.0, "32": 1.0, "33": 0.0, "34": 1.0}}]}