{"linear-relax-results": [{"test-case-no": 434, "test-case-name": "TestSD0.5_CPU4096_Dim1_DataCenters1_Subbid1_Quantity2", "supply-demand-ratio": 0.5, "cpu-core": 4096, "dimension": 1, "data-center": 1, "mean-of-subbids": 1, "mean-of-quantity": 2, "objective-value": 49259.34866506168, "linrelax-runtime": 0.017000198364257812, "status": 2, "profit-dictionary": {"0": 0.0, "1": 1.0, "2": 1.0, "3": 1.0, "4": 1.0, "5": 1.0, "6": 1.0, "7": 1.0, "8": 1.0, "9": 1.0, "10": 1.0, "11": 0.0, "12": 1.0, "13": 1.0, "14": 1.0, "15": 1.0, "16": 1.0, "17": 1.0, "18": 1.0, "19": 1.0, "20": 1.0, "21": 1.0, "22": 1.0, "23": 0.0, "24": 1.0, "25": 0.40654205607476634, "26": 1.0, "27": 1.0, "28": 1.0, "29": 0.0, "30": 1.0, "31": 1.0, "32": 0.0, "33": 1.0, "34": 1.0, "35": 1.0, "36": 1.0, "37": 1.0, "38": 1.0, "39": 1.0, "40": 0.0, "41": 1.0, "42": 1.0, "43": 1.0, "44": 1.0, "45": 1.0, "46": 0.0, "47": 1.0}}]}