{"linear-relax-results": [{"test-case-no": 1241, "test-case-name": "TestSD0.75_CPU10240_Dim2_DataCenters4_Subbid3_Quantity2", "supply-demand-ratio": 0.75, "cpu-core": 10240, "dimension": 2, "data-center": 4, "mean-of-subbids": 3, "mean-of-quantity": 2, "objective-value": 123207.14424422642, "linrelax-runtime": 0.9449999332427979, "status": 2, "profit-dictionary": {"0": 1.0, "1": 1.0, "2": 1.0, "3": 1.0, "4": 0.0, "5": 1.0, "6": 0.0, "7": 1.0, "8": 1.0, "9": 1.0, "10": 1.0, "11": 1.0, "12": 0.0, "13": 1.0, "14": 1.0, "15": 0.0, "16": 1.0, "17": 1.0, "18": 0.0, "19": 0.0, "20": 0.0, "21": 1.0, "22": 1.0, "23": 0.0, "24": 1.0, "25": 1.0, "26": 1.0, "27": 1.0, "28": 0.0, "29": 0.0, "30": 1.0, "31": 1.0, "32": 0.0, "33": 1.0, "34": 1.0, "35": 1.0, "36": 0.0, "37": 1.0, "38": 0.0, "39": 0.0, "40": 1.0, "41": 1.0, "42": 1.0, "43": 1.0, "44": 1.0, "45": 1.0, "46": 0.0, "47": 1.0, "48": 1.0, "49": 1.0, "50": 1.0, "51": 0.7099056603773585, "52": 1.0, "53": 1.0, "54": 1.0, "55": 1.0, "56": 1.0, "57": 1.0, "58": 1.0, "59": 0.0, "60": 1.0, "61": 0.0, "62": 1.0, "63": 1.0, "64": 1.0, "65": 0.0, "66": 0.0, "67": 1.0, "68": 1.0, "69": 0.0, "70": 1.0, "71": 0.0, "72": 0.0, "73": 1.0, "74": 0.0, "75": 1.0, "76": 0.0, "77": 0.0, "78": 1.0, "79": 0.0, "80": 1.0}}]}