{"linear-relax-results": [{"test-case-no": 1004, "test-case-name": "TestSD0.75_CPU6144_Dim2_DataCenters1_Subbid2_Quantity2", "supply-demand-ratio": 0.75, "cpu-core": 6144, "dimension": 2, "data-center": 1, "mean-of-subbids": 2, "mean-of-quantity": 2, "objective-value": 78630.24370566304, "linrelax-runtime": 0.06399989128112793, "status": 2, "profit-dictionary": {"0": 1.0, "1": 1.0, "2": 0.0, "3": 1.0, "4": 0.0, "5": 0.0, "6": 1.0, "7": 1.0, "8": 0.0, "9": 1.0, "10": 1.0, "11": 1.0, "12": 1.0, "13": 1.0, "14": 0.0, "15": 1.0, "16": 0.0, "17": 1.0, "18": 1.0, "19": 1.0, "20": 0.0, "21": 1.0, "22": 0.0, "23": 0.0, "24": 0.6921182266009852, "25": 0.0, "26": 1.0, "27": 1.0, "28": 1.0, "29": 0.0, "30": 0.0, "31": 0.0, "32": 1.0, "33": 1.0, "34": 0.0, "35": 1.0, "36": 1.0, "37": 1.0, "38": 0.0, "39": 1.0, "40": 1.0, "41": 1.0, "42": 1.0, "43": 0.0, "44": 1.0, "45": 0.0, "46": 1.0, "47": 0.0, "48": 0.0, "49": 0.0, "50": 1.0, "51": 1.0, "52": 1.0, "53": 0.0, "54": 1.0, "55": 1.0, "56": 0.0, "57": 1.0, "58": 0.0, "59": 1.0, "60": 1.0, "61": 1.0, "62": 0.0, "63": 1.0, "64": 0.0, "65": 0.0, "66": 1.0, "67": 1.0, "68": 1.0, "69": 1.0, "70": 1.0, "71": 0.0, "72": 1.0, "73": 1.0, "74": 1.0, "75": 1.0, "76": 0.0, "77": 1.0, "78": 0.0, "79": 0.0, "80": 0.0, "81": 1.0}}]}