{"linear-relax-results": [{"test-case-no": 1001, "test-case-name": "TestSD0.75_CPU6144_Dim2_DataCenters1_Subbid1_Quantity2", "supply-demand-ratio": 0.75, "cpu-core": 6144, "dimension": 2, "data-center": 1, "mean-of-subbids": 1, "mean-of-quantity": 2, "objective-value": 83715.65797243075, "linrelax-runtime": 0.05900001525878906, "status": 2, "profit-dictionary": {"0": 1.0, "1": 1.0, "2": 0.0, "3": 0.0, "4": 1.0, "5": 1.0, "6": 1.0, "7": 1.0, "8": 1.0, "9": 1.0, "10": 1.0, "11": 0.0, "12": 0.0, "13": 1.0, "14": 0.0, "15": 1.0, "16": 1.0, "17": 1.0, "18": 1.0, "19": 0.0, "20": 1.0, "21": 0.0, "22": 1.0, "23": 0.0, "24": 0.0, "25": 1.0, "26": 1.0, "27": 1.0, "28": 0.0, "29": 1.0, "30": 1.0, "31": 1.0, "32": 1.0, "33": 1.0, "34": 0.0, "35": 1.0, "36": 0.0, "37": 0.0, "38": 1.0, "39": 1.0, "40": 0.0, "41": 1.0, "42": 1.0, "43": 1.0, "44": 0.0, "45": 1.0, "46": 0.0, "47": 0.0, "48": 1.0, "49": 0.0, "50": 0.0, "51": 1.0, "52": 1.0, "53": 0.0, "54": 1.0, "55": 0.0, "56": 1.0, "57": 0.0, "58": 1.0, "59": 1.0, "60": 1.0, "61": 0.0, "62": 1.0, "63": 1.0, "64": 1.0, "65": 0.0, "66": 1.0, "67": 1.0, "68": 1.0, "69": 0.0, "70": 1.0, "71": 1.0, "72": 1.0, "73": 0.0, "74": 1.0, "75": 0.0, "76": 1.0, "77": 0.0, "78": 0.0, "79": 1.0, "80": 0.0, "81": 1.0, "82": 1.0, "83": 0.0, "84": 1.0, "85": 1.0, "86": 0.0, "87": 0.0, "88": 1.0, "89": 1.0, "90": 1.0, "91": 1.0, "92": 1.0, "93": 1.0, "94": 0.0, "95": 0.0, "96": 1.0, "97": 1.0, "98": 0.9038461538461531, "99": 1.0, "100": 1.0}}]}