{"linear-relax-results": [{"test-case-no": 1394, "test-case-name": "TestSD1.0_CPU4096_Dim4_DataCenters2_Subbid3_Quantity2", "supply-demand-ratio": 1.0, "cpu-core": 4096, "dimension": 4, "data-center": 2, "mean-of-subbids": 3, "mean-of-quantity": 2, "objective-value": 53674.20652567273, "linrelax-runtime": 0.08299994468688965, "status": 2, "profit-dictionary": {"0": 1.0, "1": 0.0, "2": 1.0, "3": 0.0, "4": 0.0, "5": 0.0, "6": 0.0, "7": 0.3636363636363731, "8": 1.0, "9": 1.0, "10": 0.0, "11": 0.0, "12": 0.0, "13": 1.0, "14": 1.0, "15": 1.0, "16": 0.0, "17": 1.0, "18": 1.0, "19": 0.0, "20": 0.0, "21": 1.0, "22": 1.0, "23": 0.0, "24": 0.0, "25": 1.0, "26": 1.0, "27": 0.0, "28": 0.0, "29": 1.0, "30": 1.0, "31": 1.0, "32": 0.0, "33": 0.0, "34": 1.0, "35": 1.0, "36": 1.0, "37": 0.0, "38": 1.0, "39": 1.0, "40": 1.0, "41": 1.0, "42": 0.0, "43": 0.0, "44": 1.0, "45": 0.0, "46": 1.0}}]}