{"linear-relax-results": [{"test-case-no": 1491, "test-case-name": "TestSD1.0_CPU6144_Dim4_DataCenters1_Subbid3_Quantity1", "supply-demand-ratio": 1.0, "cpu-core": 6144, "dimension": 4, "data-center": 1, "mean-of-subbids": 3, "mean-of-quantity": 1, "objective-value": 73626.75703513276, "linrelax-runtime": 0.12100005149841309, "status": 2, "profit-dictionary": {"0": 0.0, "1": 1.0, "2": 1.0, "3": 1.0, "4": 1.0, "5": 1.0, "6": 1.0, "7": 1.0, "8": 1.0, "9": 1.0, "10": 0.0, "11": 1.0, "12": 1.0, "13": 1.0, "14": 1.0, "15": 0.0, "16": 0.0, "17": 1.0, "18": 1.0, "19": 1.0, "20": 0.47478991596638626, "21": 0.0, "22": 1.0, "23": 1.0, "24": 1.0, "25": 0.0, "26": 1.0, "27": 0.0, "28": 1.0, "29": 0.0, "30": 1.0, "31": 1.0, "32": 1.0, "33": 1.0, "34": 0.0, "35": 1.0, "36": 1.0, "37": 1.0, "38": 1.0, "39": 1.0, "40": 1.0, "41": 0.0, "42": 1.0, "43": 0.0, "44": 1.0, "45": 1.0, "46": 1.0, "47": 1.0, "48": 1.0, "49": 1.0, "50": 1.0, "51": 0.0, "52": 1.0, "53": 1.0, "54": 1.0, "55": 0.0, "56": 1.0, "57": 1.0, "58": 1.0, "59": 1.0, "60": 1.0, "61": 1.0, "62": 0.0, "63": 0.0, "64": 1.0, "65": 0.0, "66": 1.0, "67": 1.0, "68": 0.0, "69": 1.0, "70": 0.0, "71": 1.0, "72": 1.0, "73": 1.0, "74": 1.0, "75": 0.0, "76": 1.0, "77": 1.0, "78": 1.0, "79": 1.0}}]}