{"linear-relax-results": [{"test-case-no": 1223, "test-case-name": "TestSD0.75_CPU10240_Dim2_DataCenters1_Subbid3_Quantity2", "supply-demand-ratio": 0.75, "cpu-core": 10240, "dimension": 2, "data-center": 1, "mean-of-subbids": 3, "mean-of-quantity": 2, "objective-value": 134991.29159334835, "linrelax-runtime": 0.2200000286102295, "status": 2, "profit-dictionary": {"0": 1.0, "1": 1.0, "2": 1.0, "3": 1.0, "4": 1.0, "5": 0.0, "6": 0.0, "7": 0.0, "8": 1.0, "9": 1.0, "10": 1.0, "11": 1.0, "12": 0.0, "13": 1.0, "14": 0.0, "15": 0.0, "16": 0.0, "17": 1.0, "18": 0.0, "19": 1.0, "20": 0.0, "21": 1.0, "22": 0.0, "23": 1.0, "24": 1.0, "25": 1.0, "26": 1.0, "27": 0.0, "28": 0.0, "29": 1.0, "30": 1.0, "31": 0.7011235955056179, "32": 0.0, "33": 0.0, "34": 1.0, "35": 1.0, "36": 1.0, "37": 1.0, "38": 1.0, "39": 1.0, "40": 1.0, "41": 0.0, "42": 0.0, "43": 1.0, "44": 1.0, "45": 0.0, "46": 1.0, "47": 1.0, "48": 1.0, "49": 0.0, "50": 0.0, "51": 1.0, "52": 1.0, "53": 0.0, "54": 1.0, "55": 1.0, "56": 1.0, "57": 0.0, "58": 1.0, "59": 1.0, "60": 0.0, "61": 1.0, "62": 0.0, "63": 1.0, "64": 0.0, "65": 1.0, "66": 1.0, "67": 1.0, "68": 1.0, "69": 0.0, "70": 1.0, "71": 1.0, "72": 1.0, "73": 1.0, "74": 1.0, "75": 1.0, "76": 1.0, "77": 1.0, "78": 1.0, "79": 1.0, "80": 0.0, "81": 0.0, "82": 1.0, "83": 0.0, "84": 0.0, "85": 0.0, "86": 1.0, "87": 0.0, "88": 1.0, "89": 1.0, "90": 1.0, "91": 1.0, "92": 1.0, "93": 1.0, "94": 1.0, "95": 1.0, "96": 1.0, "97": 0.0, "98": 1.0, "99": 0.0, "100": 1.0}}]}