{"linear-relax-results": [{"test-case-no": 1761, "test-case-name": "TestSD2.0_CPU4096_Dim2_DataCenters1_Subbid3_Quantity1", "supply-demand-ratio": 2.0, "cpu-core": 4096, "dimension": 2, "data-center": 1, "mean-of-subbids": 3, "mean-of-quantity": 1, "objective-value": 60113.81510516363, "linrelax-runtime": 0.07600021362304688, "status": 2, "profit-dictionary": {"0": 1.0, "1": 0.0, "2": 0.0, "3": 0.0, "4": 0.0, "5": 0.0, "6": 0.0, "7": 1.0, "8": 0.0, "9": 0.0, "10": 0.0, "11": 0.0, "12": 1.0, "13": 0.0, "14": 0.0, "15": 1.0, "16": 1.0, "17": 0.0, "18": 0.0, "19": 0.0, "20": 1.0, "21": 1.0, "22": 0.0, "23": 1.0, "24": 0.0, "25": 1.0, "26": 1.0, "27": 0.0, "28": 0.0, "29": 0.0, "30": 0.0, "31": 0.0, "32": 1.0, "33": 1.0, "34": 1.0, "35": 0.8181818181818168, "36": 1.0, "37": 1.0, "38": 0.0, "39": 0.0, "40": 0.0, "41": 0.0, "42": 1.0, "43": 0.0, "44": 0.0, "45": 0.0, "46": 0.0, "47": 0.0, "48": 1.0, "49": 1.0, "50": 0.0, "51": 0.0, "52": 0.0, "53": 1.0, "54": 0.0, "55": 0.0, "56": 1.0, "57": 0.0, "58": 0.0, "59": 1.0, "60": 0.0, "61": 1.0, "62": 0.0, "63": 0.0, "64": 1.0, "65": 1.0, "66": 1.0, "67": 0.0, "68": 1.0, "69": 1.0, "70": 1.0, "71": 0.0, "72": 0.0, "73": 0.0, "74": 0.0, "75": 0.0, "76": 1.0, "77": 1.0, "78": 0.0, "79": 1.0, "80": 1.0, "81": 1.0, "82": 0.0, "83": 0.0, "84": 0.0, "85": 0.0, "86": 0.0, "87": 0.0, "88": 0.0, "89": 1.0, "90": 0.0, "91": 1.0, "92": 0.0, "93": 0.0, "94": 1.0, "95": 0.0, "96": 0.0, "97": 1.0, "98": 1.0}}]}