{"linear-relax-results": [{"test-case-no": 1339, "test-case-name": "TestSD1.0_CPU4096_Dim2_DataCenters2_Subbid3_Quantity1.5", "supply-demand-ratio": 1.0, "cpu-core": 4096, "dimension": 2, "data-center": 2, "mean-of-subbids": 3, "mean-of-quantity": 1, "objective-value": 55651.7462984, "linrelax-runtime": 0.12600016593933105, "status": 2, "profit-dictionary": {"0": 1.0, "1": 1.0, "2": 1.0, "3": 1.0, "4": 1.0, "5": 0.0, "6": 1.0, "7": 1.0, "8": 0.0, "9": 0.0, "10": 1.0, "11": 0.6562499999999993, "12": 0.0, "13": 0.0, "14": 1.0, "15": 0.0, "16": 1.0, "17": 0.0, "18": 1.0, "19": 1.0, "20": 1.0, "21": 0.0, "22": 1.0, "23": 0.0, "24": 0.0, "25": 0.0, "26": 1.0, "27": 1.0, "28": 0.0, "29": 0.0, "30": 0.0, "31": 1.0, "32": 1.0, "33": 0.0, "34": 0.0, "35": 1.0, "36": 1.0, "37": 1.0, "38": 1.0, "39": 1.0, "40": 1.0, "41": 1.0, "42": 0.0, "43": 1.0, "44": 0.0}}]}