{"linear-relax-results": [{"test-case-no": 1301, "test-case-name": "TestSD1.0_CPU4096_Dim1_DataCenters1_Subbid2_Quantity2", "supply-demand-ratio": 1.0, "cpu-core": 4096, "dimension": 1, "data-center": 1, "mean-of-subbids": 2, "mean-of-quantity": 2, "objective-value": 53921.11813546666, "linrelax-runtime": 0.03099989891052246, "status": 2, "profit-dictionary": {"0": 0.33333333333333315, "1": 1.0, "2": 0.0, "3": 0.0, "4": 1.0, "5": 1.0, "6": 1.0, "7": 1.0, "8": 1.0, "9": 1.0, "10": 1.0, "11": 0.0, "12": 0.0, "13": 1.0, "14": 1.0, "15": 0.0, "16": 0.0, "17": 0.0, "18": 1.0, "19": 1.0, "20": 1.0, "21": 1.0, "22": 0.0, "23": 0.0, "24": 0.0, "25": 1.0, "26": 0.0, "27": 1.0, "28": 0.0, "29": 1.0, "30": 1.0, "31": 1.0, "32": 0.0, "33": 0.0, "34": 1.0, "35": 0.0, "36": 0.0, "37": 1.0, "38": 0.0, "39": 1.0, "40": 0.0, "41": 0.0, "42": 0.0, "43": 1.0, "44": 1.0, "45": 0.0, "46": 0.0, "47": 1.0, "48": 1.0, "49": 1.0, "50": 0.0, "51": 1.0, "52": 1.0, "53": 0.0, "54": 0.0, "55": 0.0, "56": 0.0, "57": 0.0, "58": 0.0, "59": 1.0, "60": 1.0, "61": 1.0, "62": 1.0, "63": 0.0, "64": 1.0, "65": 0.0, "66": 1.0, "67": 0.0, "68": 0.0}}]}