{"linear-relax-results": [{"test-case-no": 1015, "test-case-name": "TestSD0.75_CPU6144_Dim2_DataCenters2_Subbid3_Quantity1.5", "supply-demand-ratio": 0.75, "cpu-core": 6144, "dimension": 2, "data-center": 2, "mean-of-subbids": 3, "mean-of-quantity": 1, "objective-value": 79103.86442816994, "linrelax-runtime": 0.1789999008178711, "status": 2, "profit-dictionary": {"0": 0.0, "1": 1.0, "2": 1.0, "3": 1.0, "4": 1.0, "5": 1.0, "6": 1.0, "7": 1.0, "8": 1.0, "9": 1.0, "10": 1.0, "11": 1.0, "12": 1.0, "13": 0.0, "14": 1.0, "15": 1.0, "16": 0.0, "17": 1.0, "18": 1.0, "19": 0.1165803108808291, "20": 1.0, "21": 1.0, "22": 0.0, "23": 1.0, "24": 0.0, "25": 1.0, "26": 1.0, "27": 1.0, "28": 1.0, "29": 1.0, "30": 1.0, "31": 0.0, "32": 1.0, "33": 1.0, "34": 1.0, "35": 1.0, "36": 1.0, "37": 1.0, "38": 1.0, "39": 0.0, "40": 1.0, "41": 1.0, "42": 1.0, "43": 1.0, "44": 0.0, "45": 0.0, "46": 1.0, "47": 1.0, "48": 1.0, "49": 1.0, "50": 1.0, "51": 1.0, "52": 1.0, "53": 0.0, "54": 1.0, "55": 0.0, "56": 0.0, "57": 0.0}}]}