{"linear-relax-results": [{"test-case-no": 1510, "test-case-name": "TestSD1.0_CPU6144_Dim4_DataCenters4_Subbid3_Quantity1.5", "supply-demand-ratio": 1.0, "cpu-core": 6144, "dimension": 4, "data-center": 4, "mean-of-subbids": 3, "mean-of-quantity": 1, "objective-value": 73720.90349849072, "linrelax-runtime": 0.2239999771118164, "status": 2, "profit-dictionary": {"0": 1.0, "1": 0.0, "2": 0.0, "3": 0.0, "4": 0.0, "5": 1.0, "6": 1.0, "7": 1.0, "8": 0.0, "9": 1.0, "10": 1.0, "11": 1.0, "12": 1.0, "13": 1.0, "14": 1.0, "15": 1.0, "16": 1.0, "17": 0.0, "18": 1.0, "19": 1.0, "20": 1.0, "21": 0.0, "22": 1.0, "23": 0.0, "24": 1.0, "25": 1.0, "26": 1.0, "27": 1.0, "28": 0.0, "29": 1.0, "30": 1.0, "31": 0.0, "32": 1.0, "33": 1.0, "34": 1.0, "35": 0.0, "36": 1.0, "37": 1.0, "38": 1.0, "39": 1.0, "40": 1.0, "41": 1.0, "42": 0.0, "43": 1.0, "44": 1.0, "45": 0.0, "46": 0.4329896907216495, "47": 1.0, "48": 0.0, "49": 1.0, "50": 0.0, "51": 1.0, "52": 1.0, "53": 1.0, "54": 0.0, "55": 1.0, "56": 1.0, "57": 1.0, "58": 1.0, "59": 0.0, "60": 1.0, "61": 0.0, "62": 1.0, "63": 1.0, "64": 0.0, "65": 1.0, "66": 1.0, "67": 1.0, "68": 0.0, "69": 1.0, "70": 1.0, "71": 0.0, "72": 1.0, "73": 0.0, "74": 0.0, "75": 1.0, "76": 0.0, "77": 1.0, "78": 1.0, "79": 1.0, "80": 0.0}}]}