{"linear-relax-results": [{"test-case-no": 510, "test-case-name": "TestSD0.5_CPU4096_Dim3_DataCenters4_Subbid3_Quantity1", "supply-demand-ratio": 0.5, "cpu-core": 4096, "dimension": 3, "data-center": 4, "mean-of-subbids": 3, "mean-of-quantity": 1, "objective-value": 29694.028369999996, "linrelax-runtime": 0.06600022315979004, "status": 2, "profit-dictionary": {"0": 1.0, "1": 1.0, "2": 1.0, "3": 1.0, "4": 1.0, "5": 1.0, "6": 1.0, "7": 1.0, "8": 1.0, "9": 1.0, "10": 1.0, "11": 1.0, "12": 1.0, "13": 1.0, "14": 1.0, "15": 1.0, "16": 1.0, "17": 1.0, "18": 1.0, "19": 1.0}}]}