{"linear-relax-results": [{"test-case-no": 1311, "test-case-name": "TestSD1.0_CPU4096_Dim1_DataCenters2_Subbid3_Quantity1", "supply-demand-ratio": 1.0, "cpu-core": 4096, "dimension": 1, "data-center": 2, "mean-of-subbids": 3, "mean-of-quantity": 1, "objective-value": 50462.43069280994, "linrelax-runtime": 0.07699990272521973, "status": 2, "profit-dictionary": {"0": 1.0, "1": 0.0, "2": 1.0, "3": 0.0, "4": 1.0, "5": 0.0, "6": 0.0, "7": 1.0, "8": 1.0, "9": 1.0, "10": 1.0, "11": 1.0, "12": 0.0, "13": 1.0, "14": 1.0, "15": 0.0, "16": 1.0, "17": 1.0, "18": 0.0, "19": 0.0, "20": 1.0, "21": 1.0, "22": 1.0, "23": 0.0, "24": 1.0, "25": 1.0, "26": 1.0, "27": 1.0, "28": 1.0, "29": 1.0, "30": 0.0, "31": 0.0, "32": 1.0, "33": 1.0, "34": 0.0, "35": 1.0, "36": 0.6149068322981369, "37": 1.0, "38": 1.0, "39": 1.0, "40": 1.0, "41": 1.0, "42": 1.0, "43": 1.0, "44": 1.0, "45": 1.0, "46": 1.0, "47": 1.0, "48": 1.0, "49": 0.0, "50": 1.0, "51": 1.0}}]}