{"linear-relax-results": [{"test-case-no": 1330, "test-case-name": "TestSD1.0_CPU4096_Dim2_DataCenters1_Subbid3_Quantity1.5", "supply-demand-ratio": 1.0, "cpu-core": 4096, "dimension": 2, "data-center": 1, "mean-of-subbids": 3, "mean-of-quantity": 1, "objective-value": 56346.8671314506, "linrelax-runtime": 0.03900003433227539, "status": 2, "profit-dictionary": {"0": 0.0, "1": 1.0, "2": 1.0, "3": 0.0, "4": 0.0, "5": 1.0, "6": 0.0, "7": 1.0, "8": 0.0, "9": 0.0, "10": 0.0, "11": 0.06626506024096368, "12": 1.0, "13": 1.0, "14": 0.0, "15": 1.0, "16": 1.0, "17": 0.0, "18": 1.0, "19": 1.0, "20": 0.0, "21": 1.0, "22": 1.0, "23": 1.0, "24": 1.0, "25": 0.0, "26": 0.0, "27": 0.0, "28": 1.0, "29": 1.0, "30": 0.0, "31": 1.0, "32": 1.0, "33": 0.0, "34": 1.0, "35": 1.0, "36": 1.0, "37": 0.0, "38": 0.0, "39": 1.0, "40": 0.0, "41": 0.0, "42": 0.0, "43": 0.0, "44": 1.0, "45": 1.0, "46": 0.0, "47": 1.0, "48": 0.0}}]}