{"linear-relax-results": [{"test-case-no": 1381, "test-case-name": "TestSD1.0_CPU4096_Dim4_DataCenters1_Subbid2_Quantity1.5", "supply-demand-ratio": 1.0, "cpu-core": 4096, "dimension": 4, "data-center": 1, "mean-of-subbids": 2, "mean-of-quantity": 1, "objective-value": 58262.21723456576, "linrelax-runtime": 0.05900001525878906, "status": 2, "profit-dictionary": {"0": 0.0, "1": 0.0, "2": 0.0, "3": 0.0, "4": 1.0, "5": 0.0, "6": 1.0, "7": 1.0, "8": 1.0, "9": 0.0, "10": 0.0, "11": 1.0, "12": 1.0, "13": 1.0, "14": 0.0, "15": 1.0, "16": 0.0, "17": 1.0, "18": 1.0, "19": 0.0, "20": 1.0, "21": 0.0, "22": 0.0, "23": 0.0, "24": 1.0, "25": 1.0, "26": 0.0, "27": 0.0, "28": 0.0, "29": 0.0, "30": 1.0, "31": 0.0, "32": 1.0, "33": 0.0, "34": 0.0, "35": 0.0, "36": 1.0, "37": 1.0, "38": 0.0, "39": 1.0, "40": 1.0, "41": 0.0, "42": 1.0, "43": 1.0, "44": 0.0, "45": 0.0, "46": 0.9549549549549546, "47": 0.0, "48": 0.0, "49": 1.0, "50": 1.0, "51": 0.0, "52": 0.0, "53": 1.0, "54": 1.0, "55": 1.0, "56": 0.0, "57": 0.0, "58": 1.0, "59": 1.0, "60": 1.0, "61": 1.0, "62": 0.0, "63": 1.0, "64": 0.0, "65": 1.0, "66": 0.0}}]}