{"linear-relax-results": [{"test-case-no": 1619, "test-case-name": "TestSD1.0_CPU8192_Dim4_DataCenters4_Subbid3_Quantity2", "supply-demand-ratio": 1.0, "cpu-core": 8192, "dimension": 4, "data-center": 4, "mean-of-subbids": 3, "mean-of-quantity": 2, "objective-value": 115349.69401173333, "linrelax-runtime": 0.3510000705718994, "status": 2, "profit-dictionary": {"0": 1.0, "1": 0.0, "2": 0.0, "3": 1.0, "4": 0.0, "5": 1.0, "6": 1.0, "7": 0.0, "8": 0.0, "9": 0.0, "10": 0.033333333333333166, "11": 0.0, "12": 0.0, "13": 1.0, "14": 0.0, "15": 1.0, "16": 0.0, "17": 0.0, "18": 0.0, "19": 0.0, "20": 0.0, "21": 0.0, "22": 1.0, "23": 1.0, "24": 0.0, "25": 1.0, "26": 0.0, "27": 1.0, "28": 1.0, "29": 1.0, "30": 0.0, "31": 1.0, "32": 1.0, "33": 0.0, "34": 0.0, "35": 0.0, "36": 0.0, "37": 1.0, "38": 1.0, "39": 1.0, "40": 1.0, "41": 1.0, "42": 1.0, "43": 1.0, "44": 0.0, "45": 0.0, "46": 0.0, "47": 0.0, "48": 0.0, "49": 1.0, "50": 0.0, "51": 0.0, "52": 0.0, "53": 1.0, "54": 1.0, "55": 0.0, "56": 1.0, "57": 0.0, "58": 0.0, "59": 1.0, "60": 1.0, "61": 0.0, "62": 0.0, "63": 0.0, "64": 0.0, "65": 1.0, "66": 0.0, "67": 0.0, "68": 0.0, "69": 0.0, "70": 0.0, "71": 0.0, "72": 1.0, "73": 1.0, "74": 1.0, "75": 1.0, "76": 0.0, "77": 0.0, "78": 0.0, "79": 0.0, "80": 0.0, "81": 0.0, "82": 1.0, "83": 0.0, "84": 0.0, "85": 1.0, "86": 1.0, "87": 0.0, "88": 1.0, "89": 0.0, "90": 0.0, "91": 0.0, "92": 1.0, "93": 1.0, "94": 1.0, "95": 0.0, "96": 1.0}}]}