{"linear-relax-results": [{"test-case-no": 461, "test-case-name": "TestSD0.5_CPU4096_Dim2_DataCenters1_Subbid1_Quantity2", "supply-demand-ratio": 0.5, "cpu-core": 4096, "dimension": 2, "data-center": 1, "mean-of-subbids": 1, "mean-of-quantity": 2, "objective-value": 51045.627394725925, "linrelax-runtime": 0.021000146865844727, "status": 2, "profit-dictionary": {"0": 1.0, "1": 0.7314814814814821, "2": 1.0, "3": 1.0, "4": 1.0, "5": 1.0, "6": 1.0, "7": 1.0, "8": 1.0, "9": 1.0, "10": 1.0, "11": 0.0, "12": 1.0, "13": 1.0, "14": 1.0, "15": 1.0, "16": 1.0, "17": 1.0, "18": 1.0, "19": 1.0, "20": 1.0, "21": 1.0, "22": 1.0, "23": 1.0, "24": 1.0, "25": 1.0, "26": 1.0, "27": 1.0, "28": 0.0, "29": 1.0, "30": 0.0, "31": 1.0, "32": 1.0, "33": 1.0, "34": 1.0, "35": 0.0, "36": 1.0, "37": 1.0, "38": 1.0, "39": 0.0, "40": 1.0, "41": 1.0, "42": 1.0, "43": 1.0, "44": 1.0, "45": 1.0, "46": 1.0, "47": 1.0, "48": 0.0}}]}