{"linear-relax-results": [{"test-case-no": 1430, "test-case-name": "TestSD1.0_CPU6144_Dim1_DataCenters4_Subbid3_Quantity2", "supply-demand-ratio": 1.0, "cpu-core": 6144, "dimension": 1, "data-center": 4, "mean-of-subbids": 3, "mean-of-quantity": 2, "objective-value": 78316.40384213334, "linrelax-runtime": 0.2560000419616699, "status": 2, "profit-dictionary": {"0": 0.0, "1": 1.0, "2": 1.0, "3": 1.0, "4": 0.0, "5": 0.0, "6": 1.0, "7": 0.0, "8": 0.0, "9": 1.0, "10": 0.0, "11": 0.0, "12": 0.0, "13": 1.0, "14": 1.0, "15": 1.0, "16": 0.0, "17": 0.0, "18": 0.0, "19": 0.0, "20": 0.0, "21": 0.0, "22": 1.0, "23": 0.0, "24": 1.0, "25": 1.0, "26": 1.0, "27": 0.0, "28": 0.0, "29": 1.0, "30": 1.0, "31": 1.0, "32": 0.0, "33": 1.0, "34": 0.0, "35": 0.0, "36": 1.0, "37": 1.0, "38": 0.0, "39": 1.0, "40": 0.0, "41": 1.0, "42": 1.0, "43": 0.4066666666666665, "44": 0.0, "45": 1.0, "46": 1.0, "47": 1.0, "48": 1.0, "49": 0.0, "50": 1.0, "51": 0.0, "52": 0.0, "53": 1.0, "54": 1.0, "55": 1.0, "56": 0.0, "57": 0.0, "58": 1.0, "59": 1.0, "60": 1.0, "61": 0.0, "62": 0.0, "63": 0.0, "64": 1.0, "65": 0.0, "66": 0.0, "67": 1.0}}]}