{"linear-relax-results": [{"test-case-no": 1333, "test-case-name": "TestSD1.0_CPU4096_Dim2_DataCenters2_Subbid1_Quantity1.5", "supply-demand-ratio": 1.0, "cpu-core": 4096, "dimension": 2, "data-center": 2, "mean-of-subbids": 1, "mean-of-quantity": 1, "objective-value": 52590.9337984, "linrelax-runtime": 0.10500001907348633, "status": 2, "profit-dictionary": {"0": 1.0, "1": 1.0, "2": 0.0, "3": 1.0, "4": 1.0, "5": 1.0, "6": 1.0, "7": 1.0, "8": 1.0, "9": 1.0, "10": 0.0, "11": 1.0, "12": 0.0, "13": 1.0, "14": 0.0, "15": 0.0, "16": 0.0, "17": 0.0, "18": 1.0, "19": 1.0, "20": 0.0, "21": 1.0, "22": 1.0, "23": 1.0, "24": 0.0, "25": 1.0, "26": 1.0, "27": 0.0, "28": 0.0, "29": 1.0, "30": 1.0, "31": 1.0, "32": 0.0, "33": 0.0, "34": 0.0, "35": 1.0, "36": 1.0, "37": 1.0, "38": 1.0, "39": 1.0, "40": 0.0, "41": 1.0, "42": 1.0, "43": 1.0, "44": 1.0, "45": 1.0, "46": 1.0, "47": 0.0, "48": 0.0, "49": 1.0, "50": 1.0, "51": 1.0, "52": 1.0, "53": 1.0, "54": 1.0, "55": 0.0, "56": 0.0, "57": 0.14814814814814792, "58": 1.0, "59": 0.0, "60": 0.0, "61": 1.0, "62": 1.0, "63": 1.0, "64": 0.0, "65": 1.0, "66": 1.0, "67": 0.0, "68": 1.0, "69": 1.0, "70": 1.0, "71": 0.0, "72": 1.0, "73": 1.0, "74": 1.0, "75": 1.0, "76": 1.0, "77": 1.0, "78": 1.0, "79": 0.0, "80": 1.0, "81": 1.0, "82": 0.0, "83": 0.0, "84": 1.0, "85": 0.0, "86": 1.0, "87": 0.0, "88": 0.0, "89": 1.0, "90": 1.0, "91": 1.0, "92": 0.0, "93": 1.0, "94": 1.0, "95": 1.0, "96": 1.0, "97": 1.0, "98": 0.0, "99": 1.0, "100": 1.0}}]}