{"linear-relax-results": [{"test-case-no": 1797, "test-case-name": "TestSD2.0_CPU4096_Dim3_DataCenters2_Subbid3_Quantity1", "supply-demand-ratio": 2.0, "cpu-core": 4096, "dimension": 3, "data-center": 2, "mean-of-subbids": 3, "mean-of-quantity": 1, "objective-value": 54456.61171251043, "linrelax-runtime": 0.17300009727478027, "status": 2, "profit-dictionary": {"0": 0.0, "1": 0.0, "2": 0.0, "3": 1.0, "4": 0.0, "5": 1.0, "6": 1.0, "7": 1.0, "8": 0.0, "9": 1.0, "10": 0.0, "11": 1.0, "12": 0.0, "13": 1.0, "14": 0.0, "15": 0.0, "16": 1.0, "17": 1.0, "18": 0.0, "19": 0.0, "20": 1.0, "21": 0.0, "22": 0.0, "23": 0.0, "24": 0.0, "25": 0.0, "26": 1.0, "27": 1.0, "28": 0.0, "29": 0.0, "30": 0.0, "31": 0.0, "32": 0.0, "33": 0.0, "34": 0.0, "35": 1.0, "36": 0.0, "37": 0.0, "38": 1.0, "39": 1.0, "40": 0.0, "41": 1.0, "42": 0.0, "43": 0.0, "44": 0.0, "45": 0.0, "46": 1.0, "47": 0.0, "48": 1.0, "49": 1.0, "50": 1.0, "51": 0.0, "52": 1.0, "53": 0.0, "54": 0.0, "55": 0.0, "56": 1.0, "57": 0.0, "58": 0.0, "59": 1.0, "60": 1.0, "61": 0.0, "62": 1.0, "63": 0.0, "64": 1.0, "65": 0.0, "66": 0.0, "67": 1.0, "68": 1.0, "69": 0.0, "70": 0.0, "71": 0.0, "72": 1.0, "73": 1.0, "74": 1.0, "75": 1.0, "76": 1.0, "77": 0.0, "78": 1.0, "79": 0.0, "80": 0.0, "81": 0.0, "82": 1.0, "83": 0.0, "84": 0.9049079754601229, "85": 0.0, "86": 1.0, "87": 1.0, "88": 0.0, "89": 1.0, "90": 0.0, "91": 0.0, "92": 0.0, "93": 0.0, "94": 0.0, "95": 0.0, "96": 0.0, "97": 0.0, "98": 1.0}}]}