{"linear-relax-results": [{"test-case-no": 1373, "test-case-name": "TestSD1.0_CPU4096_Dim3_DataCenters4_Subbid2_Quantity2", "supply-demand-ratio": 1.0, "cpu-core": 4096, "dimension": 3, "data-center": 4, "mean-of-subbids": 2, "mean-of-quantity": 2, "objective-value": 56354.71946963478, "linrelax-runtime": 0.1809999942779541, "status": 2, "profit-dictionary": {"0": 0.0, "1": 0.0, "2": 1.0, "3": 0.0, "4": 0.0, "5": 1.0, "6": 0.0, "7": 0.0, "8": 1.0, "9": 0.0, "10": 1.0, "11": 0.0, "12": 1.0, "13": 0.0, "14": 1.0, "15": 1.0, "16": 0.0, "17": 0.0, "18": 1.0, "19": 1.0, "20": 0.47826086956521713, "21": 1.0, "22": 1.0, "23": 0.0, "24": 0.0, "25": 1.0, "26": 1.0, "27": 1.0, "28": 1.0, "29": 0.0, "30": 0.0, "31": 0.0, "32": 1.0, "33": 0.0, "34": 0.0, "35": 1.0, "36": 1.0, "37": 0.0, "38": 0.0, "39": 0.0, "40": 1.0, "41": 0.0, "42": 0.0, "43": 0.0, "44": 1.0, "45": 1.0, "46": 1.0, "47": 1.0, "48": 0.0, "49": 0.0, "50": 1.0, "51": 0.0, "52": 1.0, "53": 0.0, "54": 0.0, "55": 0.0, "56": 0.0, "57": 1.0, "58": 1.0, "59": 1.0, "60": 0.0, "61": 1.0, "62": 0.0, "63": 1.0, "64": 0.0, "65": 1.0, "66": 0.0, "67": 1.0, "68": 1.0, "69": 1.0, "70": 1.0, "71": 1.0, "72": 0.0, "73": 1.0, "74": 0.0}}]}