{"linear-relax-results": [{"test-case-no": 1382, "test-case-name": "TestSD1.0_CPU4096_Dim4_DataCenters1_Subbid2_Quantity2", "supply-demand-ratio": 1.0, "cpu-core": 4096, "dimension": 4, "data-center": 1, "mean-of-subbids": 2, "mean-of-quantity": 2, "objective-value": 56986.860122646154, "linrelax-runtime": 0.05800008773803711, "status": 2, "profit-dictionary": {"0": 1.0, "1": 1.0, "2": 1.0, "3": 1.0, "4": 1.0, "5": 0.0, "6": 0.0, "7": 1.0, "8": 0.0, "9": 0.0, "10": 1.0, "11": 1.0, "12": 0.0, "13": 0.0, "14": 0.0, "15": 0.0, "16": 0.0, "17": 1.0, "18": 0.0, "19": 0.0, "20": 1.0, "21": 1.0, "22": 1.0, "23": 0.0, "24": 1.0, "25": 1.0, "26": 0.0, "27": 0.0, "28": 0.0, "29": 0.0, "30": 0.0, "31": 0.0, "32": 1.0, "33": 1.0, "34": 1.0, "35": 1.0, "36": 1.0, "37": 0.0, "38": 1.0, "39": 0.24278846153846154, "40": 1.0, "41": 1.0, "42": 0.0, "43": 1.0, "44": 1.0, "45": 0.0, "46": 1.0, "47": 0.0, "48": 1.0, "49": 0.0, "50": 0.0, "51": 0.0, "52": 0.0, "53": 1.0, "54": 1.0, "55": 0.0, "56": 1.0, "57": 0.0, "58": 1.0, "59": 0.0}}]}