{"linear-relax-results": [{"test-case-no": 1393, "test-case-name": "TestSD1.0_CPU4096_Dim4_DataCenters2_Subbid3_Quantity1.5", "supply-demand-ratio": 1.0, "cpu-core": 4096, "dimension": 4, "data-center": 2, "mean-of-subbids": 3, "mean-of-quantity": 1, "objective-value": 54482.51150640628, "linrelax-runtime": 0.08899998664855957, "status": 2, "profit-dictionary": {"0": 0.0, "1": 1.0, "2": 0.0, "3": 0.0, "4": 1.0, "5": 1.0, "6": 0.0, "7": 0.0, "8": 0.0, "9": 1.0, "10": 1.0, "11": 0.0, "12": 1.0, "13": 0.0, "14": 1.0, "15": 1.0, "16": 0.0, "17": 1.0, "18": 1.0, "19": 1.0, "20": 0.0, "21": 1.0, "22": 0.0, "23": 1.0, "24": 1.0, "25": 1.0, "26": 0.0, "27": 0.0, "28": 0.19309262166404997, "29": 1.0, "30": 1.0, "31": 1.0, "32": 0.0, "33": 1.0, "34": 0.0, "35": 1.0, "36": 1.0, "37": 1.0, "38": 1.0, "39": 0.0, "40": 1.0, "41": 1.0, "42": 1.0, "43": 1.0, "44": 0.0}}]}