{"linear-relax-results": [{"test-case-no": 1788, "test-case-name": "TestSD2.0_CPU4096_Dim3_DataCenters1_Subbid3_Quantity1", "supply-demand-ratio": 2.0, "cpu-core": 4096, "dimension": 3, "data-center": 1, "mean-of-subbids": 3, "mean-of-quantity": 1, "objective-value": 59479.3514688, "linrelax-runtime": 0.0970001220703125, "status": 2, "profit-dictionary": {"0": 0.5105263157894738, "1": 1.0, "2": 0.0, "3": 0.0, "4": 0.0, "5": 0.0, "6": 0.0, "7": 1.0, "8": 1.0, "9": 1.0, "10": 1.0, "11": 1.0, "12": 0.0, "13": 0.0, "14": 0.0, "15": 0.0, "16": 0.0, "17": 0.0, "18": 1.0, "19": 0.0, "20": 1.0, "21": 0.0, "22": 1.0, "23": 0.0, "24": 1.0, "25": 1.0, "26": 0.0, "27": 0.0, "28": 1.0, "29": 1.0, "30": 0.0, "31": 0.0, "32": 1.0, "33": 0.0, "34": 0.0, "35": 0.0, "36": 1.0, "37": 1.0, "38": 0.0, "39": 1.0, "40": 0.0, "41": 0.0, "42": 0.0, "43": 0.0, "44": 0.0, "45": 0.0, "46": 0.0, "47": 0.0, "48": 1.0, "49": 1.0, "50": 0.0, "51": 0.0, "52": 0.0, "53": 1.0, "54": 0.0, "55": 1.0, "56": 0.0, "57": 1.0, "58": 1.0, "59": 0.0, "60": 1.0, "61": 0.0, "62": 0.0, "63": 0.0, "64": 0.0, "65": 1.0, "66": 0.0, "67": 1.0, "68": 0.0, "69": 0.0, "70": 0.0, "71": 1.0, "72": 0.0, "73": 1.0, "74": 0.0, "75": 0.0, "76": 1.0, "77": 1.0, "78": 0.0, "79": 0.0, "80": 1.0, "81": 0.0, "82": 0.0, "83": 0.0, "84": 0.0, "85": 0.0, "86": 0.0, "87": 0.0, "88": 0.0, "89": 0.0, "90": 1.0, "91": 1.0, "92": 0.0, "93": 0.0, "94": 0.0, "95": 0.0}}]}