{"linear-relax-results": [{"test-case-no": 446, "test-case-name": "TestSD0.5_CPU4096_Dim1_DataCenters2_Subbid2_Quantity2", "supply-demand-ratio": 0.5, "cpu-core": 4096, "dimension": 1, "data-center": 2, "mean-of-subbids": 2, "mean-of-quantity": 2, "objective-value": 47732.40998887619, "linrelax-runtime": 0.039999961853027344, "status": 2, "profit-dictionary": {"0": 1.0, "1": 1.0, "2": 1.0, "3": 1.0, "4": 1.0, "5": 1.0, "6": 1.0, "7": 0.0, "8": 1.0, "9": 1.0, "10": 0.4047619047619049, "11": 1.0, "12": 1.0, "13": 1.0, "14": 1.0, "15": 1.0, "16": 1.0, "17": 0.0, "18": 1.0, "19": 1.0, "20": 1.0, "21": 1.0, "22": 1.0, "23": 1.0, "24": 1.0, "25": 0.0, "26": 1.0, "27": 1.0, "28": 1.0, "29": 1.0, "30": 1.0, "31": 1.0, "32": 1.0, "33": 1.0, "34": 1.0, "35": 0.0}}]}