{"linear-relax-results": [{"test-case-no": 1250, "test-case-name": "TestSD0.75_CPU10240_Dim3_DataCenters1_Subbid3_Quantity2", "supply-demand-ratio": 0.75, "cpu-core": 10240, "dimension": 3, "data-center": 1, "mean-of-subbids": 3, "mean-of-quantity": 2, "objective-value": 133343.3279057165, "linrelax-runtime": 0.19300007820129395, "status": 2, "profit-dictionary": {"0": 1.0, "1": 1.0, "2": 1.0, "3": 1.0, "4": 1.0, "5": 1.0, "6": 0.0, "7": 1.0, "8": 0.0, "9": 0.0, "10": 0.0, "11": 0.0, "12": 1.0, "13": 0.0, "14": 0.0, "15": 0.0, "16": 0.0, "17": 1.0, "18": 1.0, "19": 0.0, "20": 1.0, "21": 1.0, "22": 1.0, "23": 1.0, "24": 0.503831417624521, "25": 0.0, "26": 1.0, "27": 1.0, "28": 1.0, "29": 1.0, "30": 1.0, "31": 1.0, "32": 0.0, "33": 1.0, "34": 0.0, "35": 0.0, "36": 1.0, "37": 1.0, "38": 1.0, "39": 0.0, "40": 1.0, "41": 0.0, "42": 1.0, "43": 1.0, "44": 1.0, "45": 1.0, "46": 1.0, "47": 1.0, "48": 0.0, "49": 1.0, "50": 0.0, "51": 0.0, "52": 1.0, "53": 1.0, "54": 1.0, "55": 1.0, "56": 0.0, "57": 0.0, "58": 1.0, "59": 1.0, "60": 0.0, "61": 0.0, "62": 1.0, "63": 0.0, "64": 1.0, "65": 1.0, "66": 0.0, "67": 0.0, "68": 0.0, "69": 0.0, "70": 1.0, "71": 1.0, "72": 0.0, "73": 0.0, "74": 1.0, "75": 0.0, "76": 1.0, "77": 1.0, "78": 1.0, "79": 1.0, "80": 0.0, "81": 1.0, "82": 1.0, "83": 0.0, "84": 0.0, "85": 0.0, "86": 1.0, "87": 1.0, "88": 0.0, "89": 1.0, "90": 0.0, "91": 1.0}}]}