{"linear-relax-results": [{"test-case-no": 1492, "test-case-name": "TestSD1.0_CPU6144_Dim4_DataCenters1_Subbid3_Quantity1.5", "supply-demand-ratio": 1.0, "cpu-core": 6144, "dimension": 4, "data-center": 1, "mean-of-subbids": 3, "mean-of-quantity": 1, "objective-value": 80501.7828370028, "linrelax-runtime": 0.11700010299682617, "status": 2, "profit-dictionary": {"0": 1.0, "1": 0.0, "2": 1.0, "3": 0.0, "4": 0.0, "5": 0.6267605633802814, "6": 1.0, "7": 1.0, "8": 0.0, "9": 1.0, "10": 1.0, "11": 1.0, "12": 1.0, "13": 0.0, "14": 1.0, "15": 1.0, "16": 0.0, "17": 1.0, "18": 1.0, "19": 0.0, "20": 0.0, "21": 0.0, "22": 1.0, "23": 1.0, "24": 1.0, "25": 0.0, "26": 0.0, "27": 1.0, "28": 1.0, "29": 0.0, "30": 0.0, "31": 1.0, "32": 1.0, "33": 0.0, "34": 0.0, "35": 1.0, "36": 1.0, "37": 1.0, "38": 0.0, "39": 0.0, "40": 0.0, "41": 0.0, "42": 1.0, "43": 1.0, "44": 1.0, "45": 1.0, "46": 1.0, "47": 0.0, "48": 1.0, "49": 1.0, "50": 0.0, "51": 0.0, "52": 1.0, "53": 1.0, "54": 1.0, "55": 1.0, "56": 0.0, "57": 0.0, "58": 0.0, "59": 0.0, "60": 1.0, "61": 1.0, "62": 1.0, "63": 0.0, "64": 1.0, "65": 0.0, "66": 0.0, "67": 0.0}}]}