{"linear-relax-results": [{"test-case-no": 1384, "test-case-name": "TestSD1.0_CPU4096_Dim4_DataCenters1_Subbid3_Quantity1.5", "supply-demand-ratio": 1.0, "cpu-core": 4096, "dimension": 4, "data-center": 1, "mean-of-subbids": 3, "mean-of-quantity": 1, "objective-value": 56314.4514688, "linrelax-runtime": 0.05800008773803711, "status": 2, "profit-dictionary": {"0": 1.0, "1": 0.0, "2": 0.0, "3": 1.0, "4": 0.0, "5": 0.0, "6": 1.0, "7": 1.0, "8": 1.0, "9": 1.0, "10": 1.0, "11": 1.0, "12": 0.6444444444444449, "13": 1.0, "14": 1.0, "15": 1.0, "16": 0.0, "17": 0.0, "18": 1.0, "19": 0.0, "20": 0.0, "21": 1.0, "22": 0.0, "23": 1.0, "24": 0.0, "25": 0.0, "26": 1.0, "27": 1.0, "28": 1.0, "29": 0.0, "30": 1.0, "31": 0.0, "32": 0.0, "33": 1.0, "34": 0.0, "35": 1.0, "36": 1.0, "37": 1.0, "38": 0.0, "39": 0.0, "40": 1.0, "41": 1.0, "42": 0.0, "43": 0.0, "44": 1.0, "45": 1.0, "46": 1.0, "47": 0.0, "48": 1.0}}]}