{"linear-relax-results": [{"test-case-no": 1058, "test-case-name": "TestSD0.75_CPU6144_Dim4_DataCenters1_Subbid2_Quantity2", "supply-demand-ratio": 0.75, "cpu-core": 6144, "dimension": 4, "data-center": 1, "mean-of-subbids": 2, "mean-of-quantity": 2, "objective-value": 84798.1357285456, "linrelax-runtime": 0.08700013160705566, "status": 2, "profit-dictionary": {"0": 0.0, "1": 1.0, "2": 0.0, "3": 1.0, "4": 0.0, "5": 0.0, "6": 0.0, "7": 0.0, "8": 1.0, "9": 0.0, "10": 1.0, "11": 0.0, "12": 0.0, "13": 0.0, "14": 1.0, "15": 0.0, "16": 0.0, "17": 1.0, "18": 0.0, "19": 1.0, "20": 0.0, "21": 1.0, "22": 0.0, "23": 1.0, "24": 1.0, "25": 0.0, "26": 1.0, "27": 0.0, "28": 0.0, "29": 1.0, "30": 0.0, "31": 1.0, "32": 1.0, "33": 1.0, "34": 1.0, "35": 0.0, "36": 0.0, "37": 0.0, "38": 0.0, "39": 0.0, "40": 1.0, "41": 1.0, "42": 1.0, "43": 1.0, "44": 0.0, "45": 1.0, "46": 1.0, "47": 0.0, "48": 0.0, "49": 0.0, "50": 1.0, "51": 1.0, "52": 1.0, "53": 1.0, "54": 1.0, "55": 1.0, "56": 0.0, "57": 1.0, "58": 1.0, "59": 1.0, "60": 0.0, "61": 1.0, "62": 0.0, "63": 1.0, "64": 1.0, "65": 1.0, "66": 1.0, "67": 1.0, "68": 1.0, "69": 1.0, "70": 0.0, "71": 1.0, "72": 0.0, "73": 0.0, "74": 1.0, "75": 0.0, "76": 1.0, "77": 0.5760368663594468, "78": 1.0, "79": 0.0, "80": 1.0, "81": 1.0}}]}