{"linear-relax-results": [{"test-case-no": 950, "test-case-name": "TestSD0.75_CPU4096_Dim4_DataCenters1_Subbid2_Quantity2", "supply-demand-ratio": 0.75, "cpu-core": 4096, "dimension": 4, "data-center": 1, "mean-of-subbids": 2, "mean-of-quantity": 2, "objective-value": 50324.500249287805, "linrelax-runtime": 0.04399991035461426, "status": 2, "profit-dictionary": {"0": 0.0, "1": 0.0, "2": 1.0, "3": 1.0, "4": 0.0, "5": 1.0, "6": 1.0, "7": 1.0, "8": 1.0, "9": 1.0, "10": 0.0, "11": 1.0, "12": 0.0, "13": 1.0, "14": 1.0, "15": 1.0, "16": 1.0, "17": 0.0, "18": 1.0, "19": 1.0, "20": 0.0, "21": 1.0, "22": 0.0, "23": 1.0, "24": 1.0, "25": 0.18292682926829376, "26": 1.0, "27": 1.0, "28": 1.0, "29": 0.0, "30": 1.0, "31": 1.0, "32": 1.0, "33": 1.0, "34": 1.0, "35": 1.0, "36": 1.0, "37": 1.0, "38": 1.0, "39": 1.0, "40": 1.0, "41": 1.0, "42": 0.0, "43": 1.0, "44": 1.0, "45": 0.0, "46": 1.0, "47": 1.0, "48": 1.0, "49": 1.0, "50": 1.0, "51": 1.0, "52": 1.0, "53": 1.0, "54": 1.0, "55": 1.0}}]}