{"linear-relax-results": [{"test-case-no": 998, "test-case-name": "TestSD0.75_CPU6144_Dim1_DataCenters4_Subbid3_Quantity2", "supply-demand-ratio": 0.75, "cpu-core": 6144, "dimension": 1, "data-center": 4, "mean-of-subbids": 3, "mean-of-quantity": 2, "objective-value": 81715.6705088, "linrelax-runtime": 0.21799993515014648, "status": 2, "profit-dictionary": {"0": 1.0, "1": 0.0, "2": 0.0, "3": 0.0, "4": 0.0, "5": 1.0, "6": 1.0, "7": 1.0, "8": 0.0, "9": 0.0, "10": 0.09200000000000019, "11": 1.0, "12": 1.0, "13": 1.0, "14": 0.0, "15": 1.0, "16": 0.0, "17": 1.0, "18": 1.0, "19": 1.0, "20": 1.0, "21": 1.0, "22": 1.0, "23": 1.0, "24": 1.0, "25": 0.0, "26": 1.0, "27": 1.0, "28": 1.0, "29": 0.0, "30": 1.0, "31": 1.0, "32": 1.0, "33": 1.0, "34": 0.0, "35": 0.0, "36": 1.0, "37": 1.0, "38": 1.0, "39": 1.0, "40": 0.0, "41": 1.0, "42": 1.0, "43": 1.0, "44": 1.0, "45": 0.0, "46": 1.0, "47": 1.0, "48": 1.0, "49": 0.0, "50": 0.0, "51": 0.0, "52": 1.0, "53": 0.0}}]}