{"linear-relax-results": [{"test-case-no": 1034, "test-case-name": "TestSD0.75_CPU6144_Dim3_DataCenters1_Subbid3_Quantity2", "supply-demand-ratio": 0.75, "cpu-core": 6144, "dimension": 3, "data-center": 1, "mean-of-subbids": 3, "mean-of-quantity": 2, "objective-value": 78907.65720319998, "linrelax-runtime": 0.08299994468688965, "status": 2, "profit-dictionary": {"0": 1.0, "1": 1.0, "2": 1.0, "3": 0.0, "4": 1.0, "5": 0.0, "6": 0.0, "7": 1.0, "8": 1.0, "9": 1.0, "10": 0.0, "11": 1.0, "12": 1.0, "13": 1.0, "14": 0.0, "15": 1.0, "16": 1.0, "17": 1.0, "18": 1.0, "19": 1.0, "20": 1.0, "21": 1.0, "22": 1.0, "23": 0.5199999999999989, "24": 0.0, "25": 1.0, "26": 1.0, "27": 1.0, "28": 1.0, "29": 0.0, "30": 1.0, "31": 0.0, "32": 0.0, "33": 1.0, "34": 0.0, "35": 0.0, "36": 1.0, "37": 0.0, "38": 0.0, "39": 1.0, "40": 1.0, "41": 1.0, "42": 1.0, "43": 0.0, "44": 1.0, "45": 1.0, "46": 0.0, "47": 1.0, "48": 1.0, "49": 1.0, "50": 0.0, "51": 0.0, "52": 0.0, "53": 0.0, "54": 1.0, "55": 0.0, "56": 0.0}}]}