{"linear-relax-results": [{"test-case-no": 1412, "test-case-name": "TestSD1.0_CPU6144_Dim1_DataCenters1_Subbid3_Quantity2", "supply-demand-ratio": 1.0, "cpu-core": 6144, "dimension": 1, "data-center": 1, "mean-of-subbids": 3, "mean-of-quantity": 2, "objective-value": 83212.85014840547, "linrelax-runtime": 0.06400012969970703, "status": 2, "profit-dictionary": {"0": 0.0, "1": 1.0, "2": 0.0, "3": 0.0, "4": 0.0, "5": 1.0, "6": 1.0, "7": 1.0, "8": 1.0, "9": 0.0, "10": 0.0, "11": 0.0, "12": 1.0, "13": 1.0, "14": 1.0, "15": 1.0, "16": 1.0, "17": 1.0, "18": 1.0, "19": 0.0, "20": 1.0, "21": 1.0, "22": 0.0, "23": 1.0, "24": 0.0, "25": 1.0, "26": 1.0, "27": 1.0, "28": 0.0, "29": 1.0, "30": 1.0, "31": 1.0, "32": 0.0, "33": 0.0, "34": 0.0, "35": 1.0, "36": 1.0, "37": 0.0, "38": 0.0, "39": 0.0, "40": 1.0, "41": 1.0, "42": 0.0, "43": 1.0, "44": 0.0, "45": 1.0, "46": 0.0, "47": 1.0, "48": 1.0, "49": 1.0, "50": 1.0, "51": 0.0, "52": 0.0, "53": 0.0, "54": 0.0, "55": 1.0, "56": 0.16952054794520552, "57": 1.0, "58": 1.0, "59": 0.0, "60": 0.0, "61": 0.0, "62": 0.0, "63": 1.0, "64": 0.0, "65": 0.0, "66": 1.0, "67": 0.0, "68": 0.0, "69": 1.0, "70": 0.0, "71": 0.0}}]}