{"linear-relax-results": [{"test-case-no": 1482, "test-case-name": "TestSD1.0_CPU6144_Dim3_DataCenters4_Subbid3_Quantity1", "supply-demand-ratio": 1.0, "cpu-core": 6144, "dimension": 3, "data-center": 4, "mean-of-subbids": 3, "mean-of-quantity": 1, "objective-value": 76066.44348177298, "linrelax-runtime": 0.2569999694824219, "status": 2, "profit-dictionary": {"0": 1.0, "1": 1.0, "2": 0.0, "3": 1.0, "4": 0.0, "5": 1.0, "6": 0.0, "7": 1.0, "8": 0.0, "9": 1.0, "10": 1.0, "11": 0.0, "12": 0.0, "13": 1.0, "14": 1.0, "15": 0.8445945945945948, "16": 0.0, "17": 1.0, "18": 0.0, "19": 0.0, "20": 1.0, "21": 1.0, "22": 1.0, "23": 0.0, "24": 0.0, "25": 1.0, "26": 1.0, "27": 1.0, "28": 0.0, "29": 0.0, "30": 0.0, "31": 1.0, "32": 1.0, "33": 0.0, "34": 0.0, "35": 1.0, "36": 1.0, "37": 1.0, "38": 0.0, "39": 1.0, "40": 1.0, "41": 1.0, "42": 1.0, "43": 1.0, "44": 1.0, "45": 1.0, "46": 1.0, "47": 1.0, "48": 1.0, "49": 1.0, "50": 0.0, "51": 0.0, "52": 1.0, "53": 1.0, "54": 0.0, "55": 1.0, "56": 0.0, "57": 1.0, "58": 1.0, "59": 0.0, "60": 1.0, "61": 1.0, "62": 1.0, "63": 1.0, "64": 1.0, "65": 1.0, "66": 1.0, "67": 0.0, "68": 1.0, "69": 1.0, "70": 1.0, "71": 1.0, "72": 1.0}}]}