{"linear-relax-results": [{"test-case-no": 953, "test-case-name": "TestSD0.75_CPU4096_Dim4_DataCenters1_Subbid3_Quantity2", "supply-demand-ratio": 0.75, "cpu-core": 4096, "dimension": 4, "data-center": 1, "mean-of-subbids": 3, "mean-of-quantity": 2, "objective-value": 54890.28085268626, "linrelax-runtime": 0.057000160217285156, "status": 2, "profit-dictionary": {"0": 1.0, "1": 0.0, "2": 0.0, "3": 1.0, "4": 1.0, "5": 1.0, "6": 1.0, "7": 0.0, "8": 1.0, "9": 1.0, "10": 1.0, "11": 0.0, "12": 1.0, "13": 0.9905213270142182, "14": 1.0, "15": 1.0, "16": 0.0, "17": 0.0, "18": 0.0, "19": 0.0, "20": 1.0, "21": 0.0, "22": 0.0, "23": 1.0, "24": 0.0, "25": 0.0, "26": 0.0, "27": 0.0, "28": 1.0, "29": 1.0, "30": 1.0, "31": 1.0, "32": 1.0, "33": 1.0, "34": 1.0, "35": 1.0, "36": 1.0, "37": 1.0, "38": 0.0, "39": 1.0, "40": 1.0, "41": 1.0}}]}