{"linear-relax-results": [{"test-case-no": 1781, "test-case-name": "TestSD2.0_CPU4096_Dim2_DataCenters4_Subbid3_Quantity2", "supply-demand-ratio": 2.0, "cpu-core": 4096, "dimension": 2, "data-center": 4, "mean-of-subbids": 3, "mean-of-quantity": 2, "objective-value": 58857.079240298895, "linrelax-runtime": 0.34200000762939453, "status": 2, "profit-dictionary": {"0": 0.0, "1": 0.0, "2": 0.0, "3": 0.0, "4": 0.0, "5": 0.0, "6": 1.0, "7": 0.0, "8": 0.0, "9": 0.0, "10": 1.0, "11": 0.0, "12": 0.0, "13": 0.0, "14": 1.0, "15": 0.0, "16": 0.0, "17": 0.0, "18": 0.0, "19": 0.0, "20": 0.0, "21": 0.0, "22": 1.0, "23": 0.0, "24": 0.0, "25": 0.0, "26": 0.0, "27": 0.0, "28": 0.0, "29": 1.0, "30": 0.0, "31": 0.0, "32": 0.0, "33": 0.0, "34": 0.0, "35": 0.0, "36": 0.0, "37": 1.0, "38": 1.0, "39": 1.0, "40": 0.0, "41": 0.0, "42": 0.0, "43": 0.0, "44": 1.0, "45": 0.0, "46": 0.0, "47": 1.0, "48": 1.0, "49": 0.0, "50": 0.0, "51": 0.0, "52": 1.0, "53": 0.0, "54": 1.0, "55": 0.0, "56": 0.0, "57": 0.0, "58": 0.0, "59": 0.0, "60": 0.0, "61": 0.0, "62": 0.0, "63": 1.0, "64": 1.0, "65": 0.0, "66": 0.0, "67": 0.0, "68": 0.0, "69": 0.0, "70": 1.0, "71": 1.0, "72": 0.0, "73": 0.0, "74": 0.0, "75": 0.0, "76": 0.0, "77": 1.0, "78": 0.0, "79": 0.8626373626373626, "80": 1.0, "81": 1.0, "82": 0.0, "83": 0.0, "84": 1.0, "85": 0.0, "86": 0.0, "87": 0.0, "88": 1.0, "89": 1.0, "90": 0.0, "91": 0.0, "92": 0.0, "93": 0.0, "94": 0.0, "95": 0.0, "96": 1.0}}]}