{"linear-relax-results": [{"test-case-no": 1429, "test-case-name": "TestSD1.0_CPU6144_Dim1_DataCenters4_Subbid3_Quantity1.5", "supply-demand-ratio": 1.0, "cpu-core": 6144, "dimension": 1, "data-center": 4, "mean-of-subbids": 3, "mean-of-quantity": 1, "objective-value": 75351.19778152728, "linrelax-runtime": 0.2950000762939453, "status": 2, "profit-dictionary": {"0": 1.0, "1": 1.0, "2": 0.0, "3": 0.0, "4": 0.0, "5": 1.0, "6": 1.0, "7": 1.0, "8": 0.0, "9": 1.0, "10": 0.0, "11": 1.0, "12": 1.0, "13": 0.0, "14": 1.0, "15": 1.0, "16": 1.0, "17": 1.0, "18": 1.0, "19": 0.0, "20": 1.0, "21": 1.0, "22": 1.0, "23": 1.0, "24": 1.0, "25": 1.0, "26": 1.0, "27": 0.0, "28": 1.0, "29": 0.0, "30": 1.0, "31": 1.0, "32": 1.0, "33": 0.0, "34": 0.0, "35": 1.0, "36": 1.0, "37": 1.0, "38": 1.0, "39": 0.3409090909090899, "40": 1.0, "41": 1.0, "42": 0.0, "43": 1.0, "44": 0.0, "45": 1.0, "46": 1.0, "47": 1.0, "48": 0.0, "49": 0.0, "50": 1.0, "51": 1.0, "52": 0.0, "53": 0.0, "54": 0.0, "55": 0.0, "56": 0.0, "57": 1.0, "58": 1.0, "59": 1.0, "60": 0.0, "61": 1.0, "62": 1.0, "63": 0.0, "64": 0.0, "65": 1.0, "66": 0.0, "67": 0.0, "68": 0.0, "69": 0.0, "70": 1.0, "71": 0.0, "72": 1.0, "73": 1.0, "74": 1.0, "75": 1.0, "76": 1.0, "77": 0.0}}]}