{"linear-relax-results": [{"test-case-no": 1463, "test-case-name": "TestSD1.0_CPU6144_Dim3_DataCenters1_Subbid2_Quantity2", "supply-demand-ratio": 1.0, "cpu-core": 6144, "dimension": 3, "data-center": 1, "mean-of-subbids": 2, "mean-of-quantity": 2, "objective-value": 83824.53434605713, "linrelax-runtime": 0.10299992561340332, "status": 2, "profit-dictionary": {"0": 1.0, "1": 0.0, "2": 0.0, "3": 0.0, "4": 1.0, "5": 0.0, "6": 1.0, "7": 0.0, "8": 1.0, "9": 1.0, "10": 0.0, "11": 1.0, "12": 0.0, "13": 1.0, "14": 0.0, "15": 0.0, "16": 0.0, "17": 1.0, "18": 1.0, "19": 0.0, "20": 0.0, "21": 1.0, "22": 0.0, "23": 1.0, "24": 1.0, "25": 0.0, "26": 1.0, "27": 0.0, "28": 1.0, "29": 1.0, "30": 0.0, "31": 0.0, "32": 0.0, "33": 0.0, "34": 0.0, "35": 0.0, "36": 0.0, "37": 1.0, "38": 1.0, "39": 0.0, "40": 1.0, "41": 0.35714285714285665, "42": 1.0, "43": 1.0, "44": 1.0, "45": 0.0, "46": 0.0, "47": 0.0, "48": 1.0, "49": 0.0, "50": 0.0, "51": 1.0, "52": 0.0, "53": 0.0, "54": 1.0, "55": 1.0, "56": 1.0, "57": 0.0, "58": 1.0, "59": 1.0, "60": 0.0, "61": 1.0, "62": 1.0, "63": 0.0, "64": 0.0, "65": 0.0, "66": 0.0, "67": 0.0, "68": 0.0, "69": 1.0, "70": 1.0, "71": 1.0, "72": 0.0, "73": 0.0, "74": 1.0, "75": 1.0, "76": 0.0, "77": 1.0, "78": 1.0, "79": 0.0, "80": 1.0, "81": 1.0, "82": 0.0, "83": 0.0, "84": 1.0, "85": 1.0, "86": 1.0, "87": 0.0, "88": 1.0}}]}