{"linear-relax-results": [{"test-case-no": 1151, "test-case-name": "TestSD0.75_CPU8192_Dim3_DataCenters2_Subbid3_Quantity2", "supply-demand-ratio": 0.75, "cpu-core": 8192, "dimension": 3, "data-center": 2, "mean-of-subbids": 3, "mean-of-quantity": 2, "objective-value": 104987.58036275745, "linrelax-runtime": 0.39100003242492676, "status": 2, "profit-dictionary": {"0": 0.0, "1": 0.0, "2": 0.0, "3": 1.0, "4": 1.0, "5": 0.0, "6": 1.0, "7": 1.0, "8": 0.0, "9": 1.0, "10": 1.0, "11": 1.0, "12": 0.0, "13": 0.0, "14": 1.0, "15": 0.0, "16": 0.0, "17": 1.0, "18": 0.0, "19": 1.0, "20": 0.0, "21": 0.0, "22": 0.0, "23": 0.0, "24": 1.0, "25": 1.0, "26": 0.07446808510638339, "27": 0.0, "28": 0.0, "29": 0.0, "30": 1.0, "31": 1.0, "32": 1.0, "33": 0.0, "34": 0.0, "35": 1.0, "36": 0.0, "37": 1.0, "38": 1.0, "39": 0.0, "40": 1.0, "41": 0.0, "42": 1.0, "43": 0.0, "44": 1.0, "45": 1.0, "46": 0.0, "47": 0.0, "48": 1.0, "49": 0.0, "50": 1.0, "51": 1.0, "52": 1.0, "53": 1.0, "54": 1.0, "55": 1.0, "56": 0.0, "57": 1.0, "58": 1.0, "59": 1.0, "60": 1.0, "61": 1.0, "62": 1.0, "63": 0.0, "64": 1.0, "65": 0.0, "66": 1.0, "67": 1.0, "68": 1.0}}]}