{"linear-relax-results": [{"test-case-no": 916, "test-case-name": "TestSD0.75_CPU4096_Dim2_DataCenters4_Subbid3_Quantity1.5", "supply-demand-ratio": 0.75, "cpu-core": 4096, "dimension": 2, "data-center": 4, "mean-of-subbids": 3, "mean-of-quantity": 1, "objective-value": 47325.900092286414, "linrelax-runtime": 0.21399998664855957, "status": 2, "profit-dictionary": {"0": 1.0, "1": 1.0, "2": 1.0, "3": 1.0, "4": 1.0, "5": 1.0, "6": 1.0, "7": 1.0, "8": 1.0, "9": 0.3024691358024691, "10": 1.0, "11": 1.0, "12": 1.0, "13": 1.0, "14": 1.0, "15": 1.0, "16": 1.0, "17": 1.0, "18": 1.0, "19": 0.0, "20": 0.0, "21": 1.0, "22": 1.0, "23": 0.0, "24": 1.0, "25": 1.0, "26": 1.0, "27": 1.0, "28": 1.0, "29": 1.0, "30": 1.0, "31": 1.0, "32": 1.0, "33": 0.0, "34": 1.0, "35": 1.0, "36": 1.0, "37": 0.0}}]}