{"linear-relax-results": [{"test-case-no": 1348, "test-case-name": "TestSD1.0_CPU4096_Dim2_DataCenters4_Subbid3_Quantity1.5", "supply-demand-ratio": 1.0, "cpu-core": 4096, "dimension": 2, "data-center": 4, "mean-of-subbids": 3, "mean-of-quantity": 1, "objective-value": 57864.38370054453, "linrelax-runtime": 0.1789999008178711, "status": 2, "profit-dictionary": {"0": 1.0, "1": 1.0, "2": 1.0, "3": 0.0, "4": 0.0, "5": 0.0, "6": 1.0, "7": 1.0, "8": 0.0, "9": 0.0, "10": 1.0, "11": 1.0, "12": 0.41736694677871145, "13": 0.0, "14": 1.0, "15": 1.0, "16": 1.0, "17": 1.0, "18": 1.0, "19": 0.0, "20": 0.0, "21": 1.0, "22": 1.0, "23": 0.0, "24": 1.0, "25": 0.0, "26": 0.0, "27": 0.0, "28": 1.0, "29": 0.0, "30": 0.0, "31": 1.0, "32": 1.0, "33": 0.0, "34": 1.0, "35": 0.0, "36": 1.0, "37": 0.0, "38": 1.0}}]}