{"linear-relax-results": [{"test-case-no": 1052, "test-case-name": "TestSD0.75_CPU6144_Dim3_DataCenters4_Subbid3_Quantity2", "supply-demand-ratio": 0.75, "cpu-core": 6144, "dimension": 3, "data-center": 4, "mean-of-subbids": 3, "mean-of-quantity": 2, "objective-value": 76800.03274055966, "linrelax-runtime": 0.25, "status": 2, "profit-dictionary": {"0": 0.030042918454935334, "1": 0.0, "2": 1.0, "3": 1.0, "4": 0.0, "5": 1.0, "6": 1.0, "7": 1.0, "8": 1.0, "9": 0.0, "10": 1.0, "11": 1.0, "12": 1.0, "13": 0.0, "14": 0.0, "15": 1.0, "16": 1.0, "17": 1.0, "18": 0.0, "19": 1.0, "20": 1.0, "21": 1.0, "22": 0.0, "23": 1.0, "24": 1.0, "25": 1.0, "26": 1.0, "27": 1.0, "28": 0.0, "29": 0.0, "30": 1.0, "31": 0.0, "32": 1.0, "33": 0.0, "34": 1.0, "35": 0.0, "36": 0.0, "37": 0.0, "38": 1.0, "39": 0.0, "40": 1.0, "41": 1.0, "42": 1.0, "43": 1.0, "44": 1.0, "45": 1.0, "46": 1.0, "47": 1.0, "48": 1.0, "49": 0.0, "50": 1.0, "51": 0.0, "52": 1.0, "53": 1.0, "54": 0.0, "55": 1.0, "56": 1.0, "57": 0.0, "58": 1.0, "59": 0.0, "60": 1.0, "61": 1.0, "62": 0.0, "63": 1.0, "64": 1.0, "65": 1.0}}]}