{"linear-relax-results": [{"test-case-no": 1186, "test-case-name": "TestSD0.75_CPU8192_Dim4_DataCenters4_Subbid3_Quantity1.5", "supply-demand-ratio": 0.75, "cpu-core": 8192, "dimension": 4, "data-center": 4, "mean-of-subbids": 3, "mean-of-quantity": 1, "objective-value": 90757.9206784, "linrelax-runtime": 0.28600001335144043, "status": 2, "profit-dictionary": {"0": 0.0, "1": 0.0, "2": 1.0, "3": 0.0, "4": 0.0, "5": 1.0, "6": 1.0, "7": 0.0, "8": 0.0, "9": 1.0, "10": 1.0, "11": 1.0, "12": 1.0, "13": 1.0, "14": 1.0, "15": 0.0, "16": 1.0, "17": 1.0, "18": 1.0, "19": 0.0, "20": 0.0, "21": 1.0, "22": 1.0, "23": 1.0, "24": 1.0, "25": 1.0, "26": 0.0, "27": 1.0, "28": 1.0, "29": 1.0, "30": 1.0, "31": 1.0, "32": 1.0, "33": 1.0, "34": 0.0, "35": 1.0, "36": 1.0, "37": 0.0, "38": 0.0, "39": 1.0, "40": 1.0, "41": 1.0, "42": 1.0, "43": 1.0, "44": 0.47999999999999965, "45": 1.0, "46": 1.0, "47": 1.0, "48": 0.0, "49": 1.0, "50": 1.0, "51": 1.0, "52": 1.0, "53": 1.0, "54": 1.0, "55": 1.0, "56": 1.0, "57": 0.0, "58": 1.0, "59": 1.0, "60": 1.0, "61": 1.0, "62": 1.0, "63": 1.0, "64": 1.0, "65": 1.0, "66": 1.0, "67": 1.0, "68": 1.0, "69": 1.0}}]}