{"linear-relax-results": [{"test-case-no": 965, "test-case-name": "TestSD0.75_CPU4096_Dim4_DataCenters4_Subbid1_Quantity2", "supply-demand-ratio": 0.75, "cpu-core": 4096, "dimension": 4, "data-center": 4, "mean-of-subbids": 1, "mean-of-quantity": 2, "objective-value": 48875.78256142222, "linrelax-runtime": 0.07299995422363281, "status": 2, "profit-dictionary": {"0": 0.0, "1": 1.0, "2": 1.0, "3": 1.0, "4": 1.0, "5": 1.0, "6": 1.0, "7": 1.0, "8": 0.0, "9": 1.0, "10": 0.0, "11": 1.0, "12": 1.0, "13": 0.0, "14": 1.0, "15": 1.0, "16": 1.0, "17": 1.0, "18": 1.0, "19": 1.0, "20": 1.0, "21": 1.0, "22": 1.0, "23": 1.0, "24": 0.0, "25": 1.0, "26": 1.0, "27": 0.0, "28": 1.0, "29": 1.0, "30": 1.0, "31": 0.0, "32": 0.0, "33": 0.0, "34": 1.0, "35": 1.0, "36": 1.0, "37": 1.0, "38": 1.0, "39": 1.0, "40": 1.0, "41": 0.0, "42": 1.0, "43": 1.0, "44": 0.41555555555555546, "45": 1.0, "46": 1.0, "47": 1.0, "48": 1.0, "49": 1.0, "50": 1.0, "51": 1.0, "52": 1.0, "53": 1.0, "54": 0.0, "55": 1.0, "56": 1.0, "57": 1.0, "58": 1.0, "59": 1.0, "60": 1.0, "61": 1.0, "62": 1.0, "63": 1.0, "64": 1.0, "65": 1.0, "66": 1.0, "67": 1.0, "68": 0.0, "69": 1.0, "70": 1.0, "71": 1.0}}]}