{"linear-relax-results": [{"test-case-no": 1376, "test-case-name": "TestSD1.0_CPU4096_Dim3_DataCenters4_Subbid3_Quantity2", "supply-demand-ratio": 1.0, "cpu-core": 4096, "dimension": 3, "data-center": 4, "mean-of-subbids": 3, "mean-of-quantity": 2, "objective-value": 52688.980339199996, "linrelax-runtime": 0.12199997901916504, "status": 2, "profit-dictionary": {"0": 0.0, "1": 0.0, "2": 1.0, "3": 0.0, "4": 1.0, "5": 0.0, "6": 1.0, "7": 1.0, "8": 0.0, "9": 1.0, "10": 1.0, "11": 1.0, "12": 0.0, "13": 1.0, "14": 1.0, "15": 1.0, "16": 1.0, "17": 1.0, "18": 0.0, "19": 0.0, "20": 1.0, "21": 1.0, "22": 0.0, "23": 0.0, "24": 1.0, "25": 0.0, "26": 1.0, "27": 1.0, "28": 0.0, "29": 0.9710144927536232, "30": 0.0, "31": 0.0, "32": 0.0, "33": 1.0, "34": 1.0, "35": 0.0, "36": 0.0, "37": 0.0, "38": 0.0, "39": 1.0, "40": 1.0, "41": 0.0, "42": 1.0, "43": 1.0, "44": 1.0, "45": 1.0, "46": 1.0, "47": 1.0, "48": 1.0, "49": 0.0}}]}