{"linear-relax-results": [{"test-case-no": 1033, "test-case-name": "TestSD0.75_CPU6144_Dim3_DataCenters1_Subbid3_Quantity1.5", "supply-demand-ratio": 0.75, "cpu-core": 6144, "dimension": 3, "data-center": 1, "mean-of-subbids": 3, "mean-of-quantity": 1, "objective-value": 74421.0979080458, "linrelax-runtime": 0.07700014114379883, "status": 2, "profit-dictionary": {"0": 1.0, "1": 1.0, "2": 1.0, "3": 1.0, "4": 1.0, "5": 0.48458149779735676, "6": 1.0, "7": 1.0, "8": 1.0, "9": 1.0, "10": 0.0, "11": 1.0, "12": 1.0, "13": 1.0, "14": 1.0, "15": 1.0, "16": 1.0, "17": 1.0, "18": 0.0, "19": 1.0, "20": 1.0, "21": 0.0, "22": 1.0, "23": 1.0, "24": 0.0, "25": 1.0, "26": 1.0, "27": 0.0, "28": 1.0, "29": 1.0, "30": 1.0, "31": 1.0, "32": 0.0, "33": 1.0, "34": 1.0, "35": 1.0, "36": 0.0, "37": 1.0, "38": 1.0, "39": 1.0, "40": 1.0, "41": 1.0, "42": 1.0, "43": 1.0, "44": 1.0, "45": 1.0, "46": 1.0, "47": 1.0, "48": 0.0, "49": 0.0, "50": 0.0, "51": 1.0, "52": 0.0, "53": 1.0, "54": 1.0, "55": 1.0, "56": 1.0}}]}