{"linear-relax-results": [{"test-case-no": 1421, "test-case-name": "TestSD1.0_CPU6144_Dim1_DataCenters2_Subbid3_Quantity2", "supply-demand-ratio": 1.0, "cpu-core": 6144, "dimension": 1, "data-center": 2, "mean-of-subbids": 3, "mean-of-quantity": 2, "objective-value": 82645.79525542315, "linrelax-runtime": 0.1679999828338623, "status": 2, "profit-dictionary": {"0": 0.0, "1": 1.0, "2": 1.0, "3": 1.0, "4": 1.0, "5": 1.0, "6": 1.0, "7": 0.0, "8": 0.0, "9": 0.0, "10": 0.0, "11": 1.0, "12": 0.0, "13": 0.0, "14": 1.0, "15": 1.0, "16": 1.0, "17": 1.0, "18": 0.0, "19": 0.0, "20": 0.0, "21": 0.0, "22": 1.0, "23": 1.0, "24": 1.0, "25": 1.0, "26": 1.0, "27": 0.0, "28": 1.0, "29": 0.0, "30": 0.0, "31": 0.0, "32": 0.0, "33": 1.0, "34": 1.0, "35": 1.0, "36": 0.0, "37": 0.0, "38": 1.0, "39": 0.0, "40": 1.0, "41": 1.0, "42": 1.0, "43": 0.0, "44": 1.0, "45": 1.0, "46": 0.0, "47": 0.0, "48": 1.0, "49": 0.0, "50": 0.0, "51": 1.0, "52": 0.0, "53": 0.0, "54": 1.0, "55": 0.0, "56": 1.0, "57": 1.0, "58": 0.5340136054421768, "59": 0.0, "60": 1.0, "61": 0.0, "62": 0.0, "63": 1.0, "64": 0.0, "65": 1.0, "66": 0.0, "67": 0.0, "68": 0.0, "69": 1.0, "70": 1.0, "71": 0.0, "72": 0.0, "73": 0.0}}]}