{"linear-relax-results": [{"test-case-no": 1331, "test-case-name": "TestSD1.0_CPU4096_Dim2_DataCenters1_Subbid3_Quantity2", "supply-demand-ratio": 1.0, "cpu-core": 4096, "dimension": 2, "data-center": 1, "mean-of-subbids": 3, "mean-of-quantity": 2, "objective-value": 54594.84820793043, "linrelax-runtime": 0.0409998893737793, "status": 2, "profit-dictionary": {"0": 1.0, "1": 0.0, "2": 0.4402173913043479, "3": 1.0, "4": 1.0, "5": 0.0, "6": 0.0, "7": 1.0, "8": 1.0, "9": 1.0, "10": 0.0, "11": 1.0, "12": 1.0, "13": 0.0, "14": 0.0, "15": 1.0, "16": 1.0, "17": 1.0, "18": 0.0, "19": 1.0, "20": 1.0, "21": 0.0, "22": 0.0, "23": 1.0, "24": 0.0, "25": 1.0, "26": 0.0, "27": 1.0, "28": 0.0, "29": 0.0, "30": 0.0, "31": 1.0, "32": 1.0, "33": 0.0, "34": 1.0, "35": 0.0, "36": 0.0, "37": 0.0, "38": 0.0, "39": 1.0, "40": 1.0, "41": 0.0, "42": 1.0, "43": 1.0, "44": 1.0, "45": 1.0, "46": 0.0}}]}