{"linear-relax-results": [{"test-case-no": 1304, "test-case-name": "TestSD1.0_CPU4096_Dim1_DataCenters1_Subbid3_Quantity2", "supply-demand-ratio": 1.0, "cpu-core": 4096, "dimension": 1, "data-center": 1, "mean-of-subbids": 3, "mean-of-quantity": 2, "objective-value": 60593.067046689444, "linrelax-runtime": 0.03399991989135742, "status": 2, "profit-dictionary": {"0": 0.0, "1": 0.0, "2": 0.0, "3": 0.0, "4": 0.5904522613065325, "5": 0.0, "6": 1.0, "7": 1.0, "8": 0.0, "9": 0.0, "10": 1.0, "11": 0.0, "12": 1.0, "13": 0.0, "14": 1.0, "15": 0.0, "16": 1.0, "17": 1.0, "18": 1.0, "19": 1.0, "20": 0.0, "21": 0.0, "22": 0.0, "23": 1.0, "24": 1.0, "25": 0.0, "26": 1.0, "27": 0.0, "28": 1.0, "29": 0.0, "30": 0.0, "31": 1.0, "32": 1.0, "33": 1.0, "34": 0.0, "35": 1.0, "36": 0.0, "37": 0.0, "38": 1.0, "39": 1.0, "40": 0.0}}]}