{"linear-relax-results": [{"test-case-no": 467, "test-case-name": "TestSD0.5_CPU4096_Dim2_DataCenters1_Subbid3_Quantity2", "supply-demand-ratio": 0.5, "cpu-core": 4096, "dimension": 2, "data-center": 1, "mean-of-subbids": 3, "mean-of-quantity": 2, "objective-value": 47715.36107331977, "linrelax-runtime": 0.021999835968017578, "status": 2, "profit-dictionary": {"0": 1.0, "1": 1.0, "2": 1.0, "3": 1.0, "4": 1.0, "5": 1.0, "6": 1.0, "7": 1.0, "8": 1.0, "9": 1.0, "10": 0.8192090395480226, "11": 1.0, "12": 1.0, "13": 1.0, "14": 1.0, "15": 1.0, "16": 0.0, "17": 1.0, "18": 1.0, "19": 0.0, "20": 0.0}}]}