{"linear-relax-results": [{"test-case-no": 1314, "test-case-name": "TestSD1.0_CPU4096_Dim1_DataCenters4_Subbid1_Quantity1", "supply-demand-ratio": 1.0, "cpu-core": 4096, "dimension": 1, "data-center": 4, "mean-of-subbids": 1, "mean-of-quantity": 1, "objective-value": 46706.398943851156, "linrelax-runtime": 0.09100008010864258, "status": 2, "profit-dictionary": {"0": 1.0, "1": 1.0, "2": 1.0, "3": 0.0, "4": 1.0, "5": 1.0, "6": 1.0, "7": 0.0, "8": 0.0, "9": 1.0, "10": 1.0, "11": 1.0, "12": 1.0, "13": 0.0, "14": 1.0, "15": 1.0, "16": 1.0, "17": 1.0, "18": 1.0, "19": 1.0, "20": 1.0, "21": 0.0, "22": 1.0, "23": 1.0, "24": 1.0, "25": 1.0, "26": 1.0, "27": 1.0, "28": 1.0, "29": 0.0, "30": 0.0, "31": 0.0, "32": 1.0, "33": 0.0, "34": 1.0, "35": 1.0, "36": 0.0, "37": 1.0, "38": 1.0, "39": 1.0, "40": 0.0, "41": 1.0, "42": 0.0, "43": 1.0, "44": 1.0, "45": 1.0, "46": 0.0, "47": 0.0, "48": 1.0, "49": 1.0, "50": 0.0, "51": 1.0, "52": 1.0, "53": 0.0, "54": 1.0, "55": 1.0, "56": 0.1976744186046513, "57": 0.0, "58": 1.0, "59": 1.0, "60": 1.0, "61": 1.0, "62": 0.0, "63": 1.0, "64": 1.0, "65": 1.0, "66": 1.0, "67": 0.0, "68": 1.0, "69": 1.0, "70": 0.0, "71": 0.0, "72": 0.0, "73": 1.0, "74": 1.0, "75": 1.0, "76": 0.0, "77": 0.0, "78": 1.0, "79": 1.0, "80": 1.0, "81": 1.0, "82": 1.0, "83": 0.0, "84": 1.0, "85": 0.0, "86": 1.0, "87": 1.0, "88": 0.0, "89": 1.0, "90": 1.0, "91": 1.0, "92": 1.0, "93": 1.0, "94": 1.0, "95": 1.0, "96": 0.0, "97": 1.0, "98": 1.0, "99": 0.0}}]}