{"linear-relax-results": [{"test-case-no": 875, "test-case-name": "TestSD0.75_CPU4096_Dim1_DataCenters2_Subbid1_Quantity2", "supply-demand-ratio": 0.75, "cpu-core": 4096, "dimension": 1, "data-center": 2, "mean-of-subbids": 1, "mean-of-quantity": 2, "objective-value": 56000.100465066665, "linrelax-runtime": 0.06699991226196289, "status": 2, "profit-dictionary": {"0": 0.0, "1": 1.0, "2": 1.0, "3": 0.0, "4": 0.0, "5": 1.0, "6": 1.0, "7": 1.0, "8": 1.0, "9": 1.0, "10": 0.0, "11": 1.0, "12": 0.0, "13": 1.0, "14": 1.0, "15": 0.0, "16": 1.0, "17": 1.0, "18": 1.0, "19": 1.0, "20": 1.0, "21": 0.0, "22": 0.0, "23": 1.0, "24": 0.0, "25": 0.0, "26": 1.0, "27": 1.0, "28": 1.0, "29": 0.0, "30": 0.0, "31": 0.0, "32": 1.0, "33": 0.0, "34": 0.0, "35": 0.0, "36": 1.0, "37": 1.0, "38": 1.0, "39": 0.0, "40": 1.0, "41": 1.0, "42": 0.0, "43": 1.0, "44": 1.0, "45": 1.0, "46": 1.0, "47": 0.0, "48": 0.0, "49": 0.0, "50": 1.0, "51": 1.0, "52": 1.0, "53": 0.0, "54": 1.0, "55": 1.0, "56": 0.0, "57": 1.0, "58": 0.0, "59": 1.0, "60": 1.0, "61": 1.0, "62": 0.0, "63": 1.0, "64": 1.0, "65": 0.6111111111111064, "66": 0.0, "67": 1.0, "68": 1.0, "69": 1.0, "70": 0.0, "71": 0.0, "72": 1.0, "73": 1.0, "74": 1.0, "75": 1.0, "76": 1.0, "77": 0.0, "78": 1.0, "79": 1.0, "80": 1.0, "81": 1.0, "82": 0.0, "83": 1.0, "84": 1.0, "85": 1.0, "86": 0.0, "87": 0.0, "88": 0.0, "89": 0.0, "90": 0.0, "91": 0.0, "92": 0.0}}]}