{"linear-relax-results": [{"test-case-no": 473, "test-case-name": "TestSD0.5_CPU4096_Dim2_DataCenters2_Subbid2_Quantity2", "supply-demand-ratio": 0.5, "cpu-core": 4096, "dimension": 2, "data-center": 2, "mean-of-subbids": 2, "mean-of-quantity": 2, "objective-value": 45306.76537734737, "linrelax-runtime": 0.05200004577636719, "status": 2, "profit-dictionary": {"0": 1.0, "1": 1.0, "2": 1.0, "3": 1.0, "4": 1.0, "5": 1.0, "6": 1.0, "7": 1.0, "8": 1.0, "9": 1.0, "10": 1.0, "11": 1.0, "12": 1.0, "13": 1.0, "14": 1.0, "15": 1.0, "16": 0.5473684210526316, "17": 1.0, "18": 1.0, "19": 1.0, "20": 1.0, "21": 0.0, "22": 1.0, "23": 1.0, "24": 1.0, "25": 1.0, "26": 0.0, "27": 1.0, "28": 1.0, "29": 1.0, "30": 1.0, "31": 1.0, "32": 1.0}}]}