{"linear-relax-results": [{"test-case-no": 1012, "test-case-name": "TestSD0.75_CPU6144_Dim2_DataCenters2_Subbid2_Quantity1.5", "supply-demand-ratio": 0.75, "cpu-core": 6144, "dimension": 2, "data-center": 2, "mean-of-subbids": 2, "mean-of-quantity": 1, "objective-value": 74387.16156716523, "linrelax-runtime": 0.1640000343322754, "status": 2, "profit-dictionary": {"0": 1.0, "1": 1.0, "2": 1.0, "3": 0.0, "4": 1.0, "5": 1.0, "6": 0.0, "7": 0.0, "8": 1.0, "9": 1.0, "10": 1.0, "11": 1.0, "12": 1.0, "13": 1.0, "14": 0.0, "15": 1.0, "16": 1.0, "17": 0.0, "18": 1.0, "19": 1.0, "20": 1.0, "21": 1.0, "22": 0.0, "23": 1.0, "24": 0.0, "25": 1.0, "26": 0.0, "27": 0.0, "28": 1.0, "29": 1.0, "30": 0.0, "31": 1.0, "32": 1.0, "33": 1.0, "34": 1.0, "35": 1.0, "36": 1.0, "37": 1.0, "38": 1.0, "39": 1.0, "40": 0.0, "41": 0.6521739130434794, "42": 1.0, "43": 0.0, "44": 0.0, "45": 1.0, "46": 0.0, "47": 1.0, "48": 1.0, "49": 1.0, "50": 1.0, "51": 0.0, "52": 1.0, "53": 1.0, "54": 0.0, "55": 1.0, "56": 1.0, "57": 1.0, "58": 1.0, "59": 1.0, "60": 1.0, "61": 1.0, "62": 1.0, "63": 0.0, "64": 1.0, "65": 1.0, "66": 1.0, "67": 1.0, "68": 0.0, "69": 0.0}}]}