{"linear-relax-results": [{"test-case-no": 1353, "test-case-name": "TestSD1.0_CPU4096_Dim3_DataCenters1_Subbid2_Quantity1", "supply-demand-ratio": 1.0, "cpu-core": 4096, "dimension": 3, "data-center": 1, "mean-of-subbids": 2, "mean-of-quantity": 1, "objective-value": 51103.16004022857, "linrelax-runtime": 0.05200004577636719, "status": 2, "profit-dictionary": {"0": 1.0, "1": 1.0, "2": 1.0, "3": 0.0, "4": 1.0, "5": 1.0, "6": 1.0, "7": 0.0, "8": 1.0, "9": 1.0, "10": 1.0, "11": 1.0, "12": 1.0, "13": 0.0, "14": 0.0, "15": 1.0, "16": 1.0, "17": 0.0, "18": 1.0, "19": 1.0, "20": 0.0, "21": 0.0, "22": 1.0, "23": 1.0, "24": 1.0, "25": 1.0, "26": 0.0, "27": 0.0, "28": 1.0, "29": 0.0, "30": 1.0, "31": 1.0, "32": 0.0, "33": 0.0, "34": 1.0, "35": 1.0, "36": 0.0, "37": 1.0, "38": 0.0, "39": 1.0, "40": 1.0, "41": 1.0, "42": 0.0, "43": 1.0, "44": 1.0, "45": 1.0, "46": 1.0, "47": 1.0, "48": 1.0, "49": 1.0, "50": 1.0, "51": 0.0, "52": 0.0, "53": 0.0, "54": 1.0, "55": 0.0, "56": 1.0, "57": 1.0, "58": 1.0, "59": 1.0, "60": 0.5485714285714286, "61": 1.0, "62": 1.0, "63": 1.0, "64": 1.0, "65": 0.0, "66": 1.0, "67": 0.0, "68": 1.0, "69": 1.0, "70": 1.0}}]}