{"linear-relax-results": [{"test-case-no": 1049, "test-case-name": "TestSD0.75_CPU6144_Dim3_DataCenters4_Subbid2_Quantity2", "supply-demand-ratio": 0.75, "cpu-core": 6144, "dimension": 3, "data-center": 4, "mean-of-subbids": 2, "mean-of-quantity": 2, "objective-value": 73125.61168527059, "linrelax-runtime": 0.24300003051757812, "status": 2, "profit-dictionary": {"0": 0.0, "1": 1.0, "2": 1.0, "3": 1.0, "4": 1.0, "5": 1.0, "6": 1.0, "7": 0.0, "8": 1.0, "9": 1.0, "10": 1.0, "11": 1.0, "12": 1.0, "13": 1.0, "14": 1.0, "15": 1.0, "16": 0.0, "17": 1.0, "18": 1.0, "19": 1.0, "20": 0.0, "21": 0.0, "22": 1.0, "23": 1.0, "24": 1.0, "25": 1.0, "26": 1.0, "27": 0.0, "28": 1.0, "29": 0.0, "30": 1.0, "31": 0.0, "32": 0.0, "33": 1.0, "34": 1.0, "35": 0.0, "36": 1.0, "37": 0.0, "38": 1.0, "39": 1.0, "40": 1.0, "41": 1.0, "42": 1.0, "43": 0.0, "44": 1.0, "45": 0.0, "46": 1.0, "47": 1.0, "48": 0.0, "49": 1.0, "50": 1.0, "51": 1.0, "52": 0.0, "53": 1.0, "54": 0.0, "55": 1.0, "56": 0.0, "57": 1.0, "58": 1.0, "59": 1.0, "60": 1.0, "61": 1.0, "62": 1.0, "63": 1.0, "64": 1.0, "65": 0.9588235294117645, "66": 1.0, "67": 1.0, "68": 0.0, "69": 0.0, "70": 0.0, "71": 1.0, "72": 1.0, "73": 1.0, "74": 0.0, "75": 1.0, "76": 1.0, "77": 1.0, "78": 1.0, "79": 1.0, "80": 0.0, "81": 0.0, "82": 1.0, "83": 0.0, "84": 1.0, "85": 1.0}}]}