{"linear-relax-results": [{"test-case-no": 1187, "test-case-name": "TestSD0.75_CPU8192_Dim4_DataCenters4_Subbid3_Quantity2", "supply-demand-ratio": 0.75, "cpu-core": 8192, "dimension": 4, "data-center": 4, "mean-of-subbids": 3, "mean-of-quantity": 2, "objective-value": 98625.86722045607, "linrelax-runtime": 0.3269999027252197, "status": 2, "profit-dictionary": {"0": 0.0, "1": 1.0, "2": 0.0, "3": 1.0, "4": 0.0, "5": 1.0, "6": 1.0, "7": 0.0, "8": 1.0, "9": 1.0, "10": 0.0, "11": 1.0, "12": 1.0, "13": 1.0, "14": 1.0, "15": 1.0, "16": 1.0, "17": 0.0, "18": 1.0, "19": 1.0, "20": 1.0, "21": 1.0, "22": 1.0, "23": 0.0, "24": 1.0, "25": 0.0, "26": 1.0, "27": 1.0, "28": 1.0, "29": 1.0, "30": 1.0, "31": 1.0, "32": 1.0, "33": 0.0, "34": 1.0, "35": 1.0, "36": 0.0, "37": 0.0, "38": 1.0, "39": 1.0, "40": 1.0, "41": 1.0, "42": 1.0, "43": 1.0, "44": 1.0, "45": 0.3644859813084103, "46": 1.0, "47": 1.0, "48": 1.0, "49": 1.0, "50": 0.0, "51": 1.0, "52": 1.0, "53": 0.0, "54": 1.0, "55": 0.0, "56": 0.0, "57": 1.0, "58": 0.0, "59": 1.0, "60": 1.0, "61": 1.0, "62": 1.0, "63": 1.0, "64": 1.0, "65": 0.0, "66": 0.0, "67": 0.0, "68": 1.0, "69": 1.0, "70": 0.0, "71": 1.0, "72": 1.0, "73": 0.0, "74": 1.0}}]}