{"linear-relax-results": [{"test-case-no": 1475, "test-case-name": "TestSD1.0_CPU6144_Dim3_DataCenters2_Subbid3_Quantity2", "supply-demand-ratio": 1.0, "cpu-core": 6144, "dimension": 3, "data-center": 2, "mean-of-subbids": 3, "mean-of-quantity": 2, "objective-value": 86261.16553778265, "linrelax-runtime": 0.21399998664855957, "status": 2, "profit-dictionary": {"0": 0.0, "1": 1.0, "2": 1.0, "3": 1.0, "4": 1.0, "5": 1.0, "6": 1.0, "7": 1.0, "8": 0.0, "9": 0.0, "10": 1.0, "11": 0.0, "12": 0.0, "13": 0.0, "14": 1.0, "15": 0.0, "16": 0.0, "17": 0.0, "18": 0.0, "19": 0.0, "20": 1.0, "21": 0.0, "22": 1.0, "23": 1.0, "24": 1.0, "25": 0.0, "26": 1.0, "27": 1.0, "28": 1.0, "29": 1.0, "30": 1.0, "31": 1.0, "32": 0.0, "33": 1.0, "34": 0.3881278538812784, "35": 0.0, "36": 0.0, "37": 0.0, "38": 1.0, "39": 0.0, "40": 1.0, "41": 1.0, "42": 0.0, "43": 0.0, "44": 0.0, "45": 0.0, "46": 0.0, "47": 0.0, "48": 0.0, "49": 0.0, "50": 0.0, "51": 0.0, "52": 0.0, "53": 0.0, "54": 0.0, "55": 0.0, "56": 0.0, "57": 0.0, "58": 0.0, "59": 0.0, "60": 0.0, "61": 1.0, "62": 1.0, "63": 1.0, "64": 1.0, "65": 1.0, "66": 0.0, "67": 0.0, "68": 0.0, "69": 0.0, "70": 1.0, "71": 0.0, "72": 1.0, "73": 0.0, "74": 1.0, "75": 1.0, "76": 0.0, "77": 0.0, "78": 0.0, "79": 1.0, "80": 1.0}}]}