{"linear-relax-results": [{"test-case-no": 1372, "test-case-name": "TestSD1.0_CPU4096_Dim3_DataCenters4_Subbid2_Quantity1.5", "supply-demand-ratio": 1.0, "cpu-core": 4096, "dimension": 3, "data-center": 4, "mean-of-subbids": 2, "mean-of-quantity": 1, "objective-value": 52524.61191814737, "linrelax-runtime": 0.11899995803833008, "status": 2, "profit-dictionary": {"0": 0.0, "1": 0.0, "2": 1.0, "3": 0.11578947368421567, "4": 0.0, "5": 1.0, "6": 1.0, "7": 0.0, "8": 1.0, "9": 1.0, "10": 1.0, "11": 0.0, "12": 0.0, "13": 0.0, "14": 1.0, "15": 1.0, "16": 1.0, "17": 0.0, "18": 1.0, "19": 1.0, "20": 0.0, "21": 1.0, "22": 1.0, "23": 0.0, "24": 0.0, "25": 1.0, "26": 1.0, "27": 1.0, "28": 1.0, "29": 0.0, "30": 0.0, "31": 0.0, "32": 0.0, "33": 1.0, "34": 0.0, "35": 1.0, "36": 0.0, "37": 1.0, "38": 0.0, "39": 0.0, "40": 0.0, "41": 1.0, "42": 1.0, "43": 1.0, "44": 1.0, "45": 1.0, "46": 1.0, "47": 0.0, "48": 0.0, "49": 0.0, "50": 0.0, "51": 1.0, "52": 1.0, "53": 0.0, "54": 1.0, "55": 0.0, "56": 1.0, "57": 1.0, "58": 0.0, "59": 0.0, "60": 0.0, "61": 0.0, "62": 0.0, "63": 1.0}}]}