{"linear-relax-results": [{"test-case-no": 926, "test-case-name": "TestSD0.75_CPU4096_Dim3_DataCenters1_Subbid3_Quantity2", "supply-demand-ratio": 0.75, "cpu-core": 4096, "dimension": 3, "data-center": 1, "mean-of-subbids": 3, "mean-of-quantity": 2, "objective-value": 52926.76854197073, "linrelax-runtime": 0.039999961853027344, "status": 2, "profit-dictionary": {"0": 1.0, "1": 1.0, "2": 1.0, "3": 0.0, "4": 1.0, "5": 1.0, "6": 1.0, "7": 1.0, "8": 1.0, "9": 0.0, "10": 0.0, "11": 1.0, "12": 0.0, "13": 0.0, "14": 1.0, "15": 0.0, "16": 1.0, "17": 0.0, "18": 1.0, "19": 0.0, "20": 1.0, "21": 1.0, "22": 0.0, "23": 1.0, "24": 0.0, "25": 0.0, "26": 1.0, "27": 0.1829268292682928, "28": 1.0, "29": 1.0, "30": 1.0, "31": 0.0, "32": 1.0, "33": 1.0, "34": 0.0, "35": 1.0, "36": 0.0, "37": 1.0}}]}