{"linear-relax-results": [{"test-case-no": 1097, "test-case-name": "TestSD0.75_CPU8192_Dim1_DataCenters2_Subbid3_Quantity2", "supply-demand-ratio": 0.75, "cpu-core": 8192, "dimension": 1, "data-center": 2, "mean-of-subbids": 3, "mean-of-quantity": 2, "objective-value": 100783.08921842162, "linrelax-runtime": 0.19700002670288086, "status": 2, "profit-dictionary": {"0": 0.0, "1": 0.0, "2": 0.0, "3": 0.0, "4": 1.0, "5": 1.0, "6": 1.0, "7": 0.0, "8": 0.0, "9": 0.0, "10": 1.0, "11": 0.0, "12": 1.0, "13": 1.0, "14": 1.0, "15": 1.0, "16": 1.0, "17": 0.0, "18": 1.0, "19": 1.0, "20": 1.0, "21": 1.0, "22": 1.0, "23": 1.0, "24": 1.0, "25": 1.0, "26": 1.0, "27": 0.0, "28": 0.0, "29": 0.0, "30": 0.0, "31": 0.4378378378378378, "32": 0.0, "33": 1.0, "34": 1.0, "35": 1.0, "36": 1.0, "37": 0.0, "38": 0.0, "39": 1.0, "40": 0.0, "41": 1.0, "42": 1.0, "43": 1.0, "44": 0.0, "45": 1.0, "46": 1.0, "47": 1.0, "48": 0.0, "49": 1.0, "50": 0.0, "51": 0.0, "52": 0.0, "53": 1.0, "54": 0.0, "55": 1.0, "56": 1.0, "57": 1.0, "58": 0.0, "59": 1.0, "60": 1.0, "61": 1.0, "62": 0.0, "63": 1.0, "64": 0.0, "65": 0.0, "66": 1.0, "67": 1.0, "68": 1.0, "69": 1.0, "70": 1.0, "71": 1.0, "72": 0.0, "73": 0.0, "74": 1.0, "75": 0.0, "76": 1.0, "77": 1.0, "78": 1.0, "79": 1.0, "80": 0.0, "81": 1.0, "82": 0.0, "83": 0.0, "84": 1.0, "85": 0.0, "86": 0.0, "87": 1.0}}]}