{"linear-relax-results": [{"test-case-no": 1519, "test-case-name": "TestSD1.0_CPU8192_Dim1_DataCenters1_Subbid3_Quantity1.5", "supply-demand-ratio": 1.0, "cpu-core": 8192, "dimension": 1, "data-center": 1, "mean-of-subbids": 3, "mean-of-quantity": 1, "objective-value": 109278.06343142716, "linrelax-runtime": 0.10899996757507324, "status": 2, "profit-dictionary": {"0": 1.0, "1": 1.0, "2": 0.0, "3": 1.0, "4": 1.0, "5": 1.0, "6": 0.0, "7": 0.0, "8": 0.0, "9": 0.0, "10": 0.0, "11": 1.0, "12": 1.0, "13": 0.0, "14": 0.0, "15": 1.0, "16": 0.0, "17": 1.0, "18": 1.0, "19": 1.0, "20": 1.0, "21": 1.0, "22": 1.0, "23": 1.0, "24": 0.0, "25": 1.0, "26": 0.0, "27": 1.0, "28": 1.0, "29": 0.0, "30": 1.0, "31": 1.0, "32": 0.0, "33": 0.0, "34": 0.0, "35": 0.0, "36": 0.0, "37": 1.0, "38": 1.0, "39": 0.0, "40": 1.0, "41": 1.0, "42": 1.0, "43": 1.0, "44": 0.0, "45": 1.0, "46": 1.0, "47": 1.0, "48": 1.0, "49": 1.0, "50": 0.0, "51": 1.0, "52": 0.0, "53": 1.0, "54": 1.0, "55": 1.0, "56": 1.0, "57": 0.0, "58": 1.0, "59": 1.0, "60": 0.0, "61": 0.0, "62": 0.0, "63": 1.0, "64": 0.0, "65": 0.0, "66": 1.0, "67": 0.0, "68": 1.0, "69": 1.0, "70": 1.0, "71": 0.0, "72": 1.0, "73": 0.0, "74": 1.0, "75": 1.0, "76": 0.0, "77": 1.0, "78": 0.012345679012345644, "79": 1.0, "80": 0.0, "81": 1.0, "82": 1.0, "83": 1.0, "84": 0.0, "85": 1.0, "86": 1.0, "87": 1.0, "88": 1.0, "89": 1.0, "90": 1.0, "91": 1.0, "92": 1.0, "93": 1.0, "94": 0.0, "95": 1.0, "96": 1.0, "97": 0.0, "98": 1.0}}]}