{"linear-relax-results": [{"test-case-no": 1133, "test-case-name": "TestSD0.75_CPU8192_Dim2_DataCenters4_Subbid3_Quantity2", "supply-demand-ratio": 0.75, "cpu-core": 8192, "dimension": 2, "data-center": 4, "mean-of-subbids": 3, "mean-of-quantity": 2, "objective-value": 89575.06484506666, "linrelax-runtime": 0.5320000648498535, "status": 2, "profit-dictionary": {"0": 1.0, "1": 1.0, "2": 1.0, "3": 1.0, "4": 1.0, "5": 0.0, "6": 0.0, "7": 0.0, "8": 0.0, "9": 0.0, "10": 1.0, "11": 1.0, "12": 1.0, "13": 0.0, "14": 0.0, "15": 0.0, "16": 1.0, "17": 1.0, "18": 1.0, "19": 1.0, "20": 1.0, "21": 1.0, "22": 1.0, "23": 1.0, "24": 0.0, "25": 0.0, "26": 1.0, "27": 1.0, "28": 1.0, "29": 0.0, "30": 1.0, "31": 1.0, "32": 0.0, "33": 1.0, "34": 0.0, "35": 1.0, "36": 0.09027777777777776, "37": 1.0, "38": 0.0, "39": 0.0, "40": 0.0, "41": 1.0, "42": 1.0, "43": 0.0, "44": 1.0, "45": 1.0, "46": 0.0, "47": 0.0, "48": 1.0, "49": 0.0, "50": 0.0, "51": 1.0, "52": 1.0, "53": 1.0, "54": 1.0, "55": 0.0, "56": 1.0, "57": 0.0, "58": 1.0, "59": 0.0, "60": 0.0, "61": 1.0, "62": 1.0, "63": 0.0, "64": 1.0, "65": 1.0, "66": 1.0, "67": 1.0, "68": 1.0, "69": 1.0, "70": 0.0, "71": 0.0, "72": 1.0, "73": 1.0, "74": 1.0, "75": 0.0}}]}