{"linear-relax-results": [{"test-case-no": 1088, "test-case-name": "TestSD0.75_CPU8192_Dim1_DataCenters1_Subbid3_Quantity2", "supply-demand-ratio": 0.75, "cpu-core": 8192, "dimension": 1, "data-center": 1, "mean-of-subbids": 3, "mean-of-quantity": 2, "objective-value": 111738.28019858191, "linrelax-runtime": 0.08100008964538574, "status": 2, "profit-dictionary": {"0": 0.0, "1": 0.0, "2": 0.0, "3": 1.0, "4": 1.0, "5": 1.0, "6": 1.0, "7": 0.0, "8": 0.0, "9": 0.0, "10": 0.0, "11": 0.0, "12": 1.0, "13": 1.0, "14": 1.0, "15": 1.0, "16": 1.0, "17": 0.0, "18": 0.0, "19": 0.0, "20": 0.0, "21": 1.0, "22": 0.0, "23": 1.0, "24": 1.0, "25": 0.0, "26": 1.0, "27": 0.07493540051679615, "28": 1.0, "29": 0.0, "30": 0.0, "31": 1.0, "32": 1.0, "33": 1.0, "34": 1.0, "35": 0.0, "36": 1.0, "37": 0.0, "38": 0.0, "39": 1.0, "40": 1.0, "41": 1.0, "42": 1.0, "43": 1.0, "44": 0.0, "45": 1.0, "46": 0.0, "47": 0.0, "48": 1.0, "49": 0.0, "50": 1.0, "51": 1.0, "52": 1.0, "53": 1.0, "54": 1.0, "55": 1.0, "56": 1.0, "57": 1.0, "58": 1.0, "59": 1.0, "60": 0.0, "61": 1.0, "62": 0.0, "63": 1.0, "64": 0.0, "65": 1.0, "66": 0.0}}]}