{"linear-relax-results": [{"test-case-no": 539, "test-case-name": "TestSD0.5_CPU4096_Dim4_DataCenters4_Subbid3_Quantity2", "supply-demand-ratio": 0.5, "cpu-core": 4096, "dimension": 4, "data-center": 4, "mean-of-subbids": 3, "mean-of-quantity": 2, "objective-value": 43328.95906260425, "linrelax-runtime": 0.06000018119812012, "status": 2, "profit-dictionary": {"0": 1.0, "1": 1.0, "2": 0.0, "3": 1.0, "4": 1.0, "5": 0.0, "6": 1.0, "7": 1.0, "8": 0.9787234042553189, "9": 1.0, "10": 1.0, "11": 1.0, "12": 1.0, "13": 1.0, "14": 0.0, "15": 1.0, "16": 1.0, "17": 1.0, "18": 1.0, "19": 1.0, "20": 1.0, "21": 1.0, "22": 1.0, "23": 1.0, "24": 1.0, "25": 1.0, "26": 1.0}}]}