{"linear-relax-results": [{"test-case-no": 1455, "test-case-name": "TestSD1.0_CPU6144_Dim2_DataCenters4_Subbid3_Quantity1", "supply-demand-ratio": 1.0, "cpu-core": 6144, "dimension": 2, "data-center": 4, "mean-of-subbids": 3, "mean-of-quantity": 1, "objective-value": 74799.05190414884, "linrelax-runtime": 0.34999990463256836, "status": 2, "profit-dictionary": {"0": 1.0, "1": 1.0, "2": 0.0, "3": 1.0, "4": 1.0, "5": 1.0, "6": 1.0, "7": 1.0, "8": 1.0, "9": 0.0, "10": 0.0, "11": 1.0, "12": 1.0, "13": 1.0, "14": 1.0, "15": 1.0, "16": 1.0, "17": 1.0, "18": 1.0, "19": 0.0, "20": 1.0, "21": 1.0, "22": 0.0, "23": 1.0, "24": 0.0, "25": 0.0, "26": 1.0, "27": 1.0, "28": 1.0, "29": 0.0, "30": 1.0, "31": 0.0, "32": 0.0, "33": 1.0, "34": 0.0, "35": 1.0, "36": 0.0, "37": 1.0, "38": 1.0, "39": 1.0, "40": 1.0, "41": 0.0, "42": 1.0, "43": 0.0, "44": 1.0, "45": 1.0, "46": 1.0, "47": 1.0, "48": 1.0, "49": 1.0, "50": 1.0, "51": 1.0, "52": 0.0, "53": 1.0, "54": 1.0, "55": 1.0, "56": 0.7616279069767443, "57": 0.0, "58": 1.0, "59": 1.0, "60": 1.0, "61": 0.0, "62": 1.0, "63": 1.0, "64": 1.0, "65": 1.0, "66": 1.0, "67": 0.0, "68": 0.0, "69": 0.0, "70": 1.0, "71": 1.0, "72": 1.0}}]}