{"linear-relax-results": [{"test-case-no": 1013, "test-case-name": "TestSD0.75_CPU6144_Dim2_DataCenters2_Subbid2_Quantity2", "supply-demand-ratio": 0.75, "cpu-core": 6144, "dimension": 2, "data-center": 2, "mean-of-subbids": 2, "mean-of-quantity": 2, "objective-value": 83138.95751578183, "linrelax-runtime": 0.17299985885620117, "status": 2, "profit-dictionary": {"0": 0.0, "1": 0.0, "2": 0.0, "3": 1.0, "4": 1.0, "5": 0.0, "6": 1.0, "7": 0.0, "8": 1.0, "9": 0.0, "10": 1.0, "11": 0.0, "12": 1.0, "13": 0.0, "14": 1.0, "15": 1.0, "16": 0.25852272727272757, "17": 0.0, "18": 0.0, "19": 1.0, "20": 0.0, "21": 1.0, "22": 0.0, "23": 1.0, "24": 1.0, "25": 1.0, "26": 1.0, "27": 1.0, "28": 0.0, "29": 1.0, "30": 1.0, "31": 1.0, "32": 1.0, "33": 0.0, "34": 0.0, "35": 1.0, "36": 1.0, "37": 1.0, "38": 1.0, "39": 0.0, "40": 1.0, "41": 0.0, "42": 1.0, "43": 1.0, "44": 1.0, "45": 0.0, "46": 0.0, "47": 0.0, "48": 1.0, "49": 1.0, "50": 1.0, "51": 1.0, "52": 0.0, "53": 1.0, "54": 1.0, "55": 1.0, "56": 1.0, "57": 1.0, "58": 0.0, "59": 1.0, "60": 1.0, "61": 1.0, "62": 0.0, "63": 1.0, "64": 1.0, "65": 1.0, "66": 1.0, "67": 0.0, "68": 1.0, "69": 1.0, "70": 1.0, "71": 1.0, "72": 1.0, "73": 0.0, "74": 0.0, "75": 1.0, "76": 1.0, "77": 0.0, "78": 1.0}}]}