{"linear-relax-results": [{"test-case-no": 1357, "test-case-name": "TestSD1.0_CPU4096_Dim3_DataCenters1_Subbid3_Quantity1.5", "supply-demand-ratio": 1.0, "cpu-core": 4096, "dimension": 3, "data-center": 1, "mean-of-subbids": 3, "mean-of-quantity": 1, "objective-value": 54355.82183917037, "linrelax-runtime": 0.051000118255615234, "status": 2, "profit-dictionary": {"0": 1.0, "1": 1.0, "2": 0.0, "3": 1.0, "4": 0.0, "5": 1.0, "6": 1.0, "7": 0.0, "8": 0.0, "9": 1.0, "10": 1.0, "11": 0.0, "12": 0.0, "13": 1.0, "14": 0.0, "15": 1.0, "16": 0.0, "17": 0.0, "18": 1.0, "19": 0.0, "20": 1.0, "21": 1.0, "22": 1.0, "23": 1.0, "24": 0.0, "25": 0.0, "26": 1.0, "27": 1.0, "28": 1.0, "29": 0.0, "30": 1.0, "31": 1.0, "32": 0.0, "33": 0.0, "34": 1.0, "35": 0.0, "36": 0.9259259259259257, "37": 1.0, "38": 0.0, "39": 1.0, "40": 0.0, "41": 1.0, "42": 1.0, "43": 1.0, "44": 0.0, "45": 1.0, "46": 1.0, "47": 1.0, "48": 0.0, "49": 1.0}}]}