{"linear-relax-results": [{"test-case-no": 919, "test-case-name": "TestSD0.75_CPU4096_Dim3_DataCenters1_Subbid1_Quantity1.5", "supply-demand-ratio": 0.75, "cpu-core": 4096, "dimension": 3, "data-center": 1, "mean-of-subbids": 1, "mean-of-quantity": 1, "objective-value": 50569.08587740215, "linrelax-runtime": 0.034999847412109375, "status": 2, "profit-dictionary": {"0": 1.0, "1": 1.0, "2": 1.0, "3": 1.0, "4": 0.0, "5": 0.0, "6": 1.0, "7": 1.0, "8": 1.0, "9": 1.0, "10": 1.0, "11": 1.0, "12": 0.0, "13": 1.0, "14": 0.0, "15": 1.0, "16": 0.0, "17": 0.053763440860215964, "18": 1.0, "19": 1.0, "20": 1.0, "21": 1.0, "22": 0.0, "23": 1.0, "24": 1.0, "25": 1.0, "26": 1.0, "27": 1.0, "28": 1.0, "29": 0.0, "30": 0.0, "31": 1.0, "32": 1.0, "33": 1.0, "34": 0.0, "35": 0.0, "36": 1.0, "37": 1.0, "38": 1.0, "39": 0.0, "40": 1.0, "41": 0.0, "42": 0.0, "43": 1.0, "44": 1.0, "45": 0.0, "46": 1.0, "47": 1.0, "48": 0.0, "49": 1.0, "50": 1.0, "51": 1.0, "52": 1.0, "53": 0.0, "54": 1.0, "55": 1.0, "56": 0.0, "57": 1.0, "58": 1.0, "59": 1.0, "60": 1.0, "61": 1.0, "62": 0.0, "63": 0.0, "64": 1.0, "65": 1.0, "66": 1.0, "67": 1.0, "68": 1.0, "69": 1.0, "70": 1.0, "71": 1.0}}]}