{"linear-relax-results": [{"test-case-no": 1752, "test-case-name": "TestSD2.0_CPU4096_Dim1_DataCenters4_Subbid3_Quantity1", "supply-demand-ratio": 2.0, "cpu-core": 4096, "dimension": 1, "data-center": 4, "mean-of-subbids": 3, "mean-of-quantity": 1, "objective-value": 54918.48629158095, "linrelax-runtime": 0.2370002269744873, "status": 2, "profit-dictionary": {"0": 0.0, "1": 1.0, "2": 0.0, "3": 1.0, "4": 0.0, "5": 0.0, "6": 1.0, "7": 0.0, "8": 1.0, "9": 0.0, "10": 0.0, "11": 0.0, "12": 0.0, "13": 0.9345238095238093, "14": 1.0, "15": 1.0, "16": 0.0, "17": 1.0, "18": 0.0, "19": 0.0, "20": 0.0, "21": 0.0, "22": 0.0, "23": 0.0, "24": 1.0, "25": 0.0, "26": 0.0, "27": 0.0, "28": 1.0, "29": 0.0, "30": 0.0, "31": 1.0, "32": 1.0, "33": 0.0, "34": 0.0, "35": 0.0, "36": 0.0, "37": 0.0, "38": 0.0, "39": 0.0, "40": 0.0, "41": 1.0, "42": 0.0, "43": 0.0, "44": 0.0, "45": 0.0, "46": 0.0, "47": 0.0, "48": 0.0, "49": 0.0, "50": 0.0, "51": 1.0, "52": 1.0, "53": 0.0, "54": 0.0, "55": 1.0, "56": 1.0, "57": 0.0, "58": 1.0, "59": 1.0, "60": 0.0, "61": 0.0, "62": 0.0, "63": 0.0, "64": 1.0, "65": 1.0, "66": 0.0, "67": 1.0, "68": 0.0, "69": 0.0, "70": 1.0, "71": 1.0, "72": 0.0, "73": 1.0, "74": 0.0, "75": 0.0, "76": 1.0, "77": 1.0, "78": 0.0, "79": 0.0, "80": 1.0, "81": 0.0, "82": 0.0, "83": 0.0, "84": 1.0, "85": 1.0, "86": 0.0, "87": 0.0, "88": 0.0, "89": 1.0, "90": 1.0, "91": 0.0, "92": 1.0, "93": 1.0, "94": 1.0, "95": 1.0, "96": 0.0, "97": 0.0, "98": 1.0}}]}