{"linear-relax-results": [{"test-case-no": 1391, "test-case-name": "TestSD1.0_CPU4096_Dim4_DataCenters2_Subbid2_Quantity2", "supply-demand-ratio": 1.0, "cpu-core": 4096, "dimension": 4, "data-center": 2, "mean-of-subbids": 2, "mean-of-quantity": 2, "objective-value": 58178.4377984, "linrelax-runtime": 0.0820000171661377, "status": 2, "profit-dictionary": {"0": 0.0, "1": 1.0, "2": 0.0, "3": 0.0, "4": 1.0, "5": 1.0, "6": 0.0, "7": 1.0, "8": 1.0, "9": 0.0, "10": 0.0, "11": 0.0, "12": 0.0, "13": 0.0, "14": 0.0, "15": 0.0, "16": 1.0, "17": 0.0, "18": 0.0, "19": 1.0, "20": 1.0, "21": 0.0, "22": 1.0, "23": 1.0, "24": 0.0, "25": 1.0, "26": 0.8480000000000003, "27": 0.0, "28": 0.0, "29": 0.0, "30": 0.0, "31": 1.0, "32": 0.0, "33": 0.0, "34": 1.0, "35": 1.0, "36": 0.0, "37": 0.0, "38": 0.0, "39": 1.0, "40": 0.0, "41": 1.0, "42": 1.0, "43": 1.0, "44": 1.0, "45": 1.0, "46": 0.0, "47": 0.0, "48": 0.0, "49": 0.0, "50": 1.0, "51": 1.0, "52": 0.0, "53": 1.0, "54": 0.0, "55": 0.0, "56": 0.0, "57": 0.0, "58": 0.0, "59": 0.0, "60": 1.0, "61": 1.0, "62": 0.0, "63": 1.0, "64": 1.0, "65": 0.0, "66": 1.0, "67": 0.0, "68": 0.0, "69": 1.0, "70": 1.0, "71": 1.0, "72": 0.0, "73": 0.0, "74": 0.0}}]}