{"linear-relax-results": [{"test-case-no": 1040, "test-case-name": "TestSD0.75_CPU6144_Dim3_DataCenters2_Subbid2_Quantity2", "supply-demand-ratio": 0.75, "cpu-core": 6144, "dimension": 3, "data-center": 2, "mean-of-subbids": 2, "mean-of-quantity": 2, "objective-value": 73473.62701338949, "linrelax-runtime": 0.14899992942810059, "status": 2, "profit-dictionary": {"0": 1.0, "1": 0.0, "2": 1.0, "3": 1.0, "4": 0.0, "5": 1.0, "6": 1.0, "7": 0.0, "8": 1.0, "9": 1.0, "10": 1.0, "11": 1.0, "12": 0.0, "13": 0.0, "14": 1.0, "15": 1.0, "16": 0.0, "17": 0.0, "18": 0.0, "19": 1.0, "20": 1.0, "21": 1.0, "22": 0.0, "23": 1.0, "24": 1.0, "25": 0.0, "26": 0.0, "27": 0.0, "28": 0.0, "29": 1.0, "30": 0.0, "31": 0.6368421052631578, "32": 1.0, "33": 0.0, "34": 1.0, "35": 1.0, "36": 0.0, "37": 1.0, "38": 0.0, "39": 1.0, "40": 0.0, "41": 0.0, "42": 1.0, "43": 0.0, "44": 0.0, "45": 0.0, "46": 0.0, "47": 0.0, "48": 1.0, "49": 1.0, "50": 1.0, "51": 1.0, "52": 0.0, "53": 1.0, "54": 0.0, "55": 1.0, "56": 1.0, "57": 1.0, "58": 1.0, "59": 1.0, "60": 0.0, "61": 0.0, "62": 1.0, "63": 1.0, "64": 0.0, "65": 0.0, "66": 0.0, "67": 1.0, "68": 1.0, "69": 1.0, "70": 1.0, "71": 1.0, "72": 1.0, "73": 0.0, "74": 0.0, "75": 1.0}}]}