{"linear-relax-results": [{"test-case-no": 1345, "test-case-name": "TestSD1.0_CPU4096_Dim2_DataCenters4_Subbid2_Quantity1.5", "supply-demand-ratio": 1.0, "cpu-core": 4096, "dimension": 2, "data-center": 4, "mean-of-subbids": 2, "mean-of-quantity": 1, "objective-value": 54267.1928392, "linrelax-runtime": 0.14899992942810059, "status": 2, "profit-dictionary": {"0": 1.0, "1": 0.0, "2": 0.0, "3": 0.0, "4": 1.0, "5": 0.0, "6": 1.0, "7": 1.0, "8": 0.0, "9": 1.0, "10": 1.0, "11": 1.0, "12": 0.0, "13": 0.0, "14": 1.0, "15": 0.0, "16": 1.0, "17": 1.0, "18": 1.0, "19": 0.8937500000000002, "20": 1.0, "21": 1.0, "22": 0.0, "23": 0.0, "24": 0.0, "25": 0.0, "26": 0.0, "27": 1.0, "28": 0.0, "29": 1.0, "30": 0.0, "31": 1.0, "32": 1.0, "33": 0.0, "34": 0.0, "35": 1.0, "36": 1.0, "37": 1.0, "38": 0.0, "39": 1.0, "40": 1.0, "41": 1.0, "42": 0.0, "43": 0.0, "44": 1.0, "45": 1.0, "46": 0.0, "47": 1.0, "48": 1.0, "49": 1.0, "50": 0.0, "51": 0.0, "52": 1.0, "53": 1.0, "54": 1.0, "55": 0.0, "56": 0.0, "57": 1.0, "58": 1.0, "59": 0.0, "60": 1.0, "61": 0.0, "62": 1.0, "63": 1.0, "64": 0.0, "65": 0.0, "66": 1.0, "67": 0.0, "68": 0.0}}]}