{"linear-relax-results": [{"test-case-no": 464, "test-case-name": "TestSD0.5_CPU4096_Dim2_DataCenters1_Subbid2_Quantity2", "supply-demand-ratio": 0.5, "cpu-core": 4096, "dimension": 2, "data-center": 1, "mean-of-subbids": 2, "mean-of-quantity": 2, "objective-value": 46949.88202435555, "linrelax-runtime": 0.023999929428100586, "status": 2, "profit-dictionary": {"0": 1.0, "1": 1.0, "2": 1.0, "3": 1.0, "4": 1.0, "5": 0.7013888888888886, "6": 1.0, "7": 1.0, "8": 1.0, "9": 1.0, "10": 1.0, "11": 1.0, "12": 1.0, "13": 1.0, "14": 1.0, "15": 1.0, "16": 1.0, "17": 1.0, "18": 1.0, "19": 1.0, "20": 1.0, "21": 1.0, "22": 1.0, "23": 1.0, "24": 1.0, "25": 1.0, "26": 1.0, "27": 0.0, "28": 1.0, "29": 1.0, "30": 1.0, "31": 1.0, "32": 1.0, "33": 1.0, "34": 1.0, "35": 1.0, "36": 0.0}}]}