{"linear-relax-results": [{"test-case-no": 1313, "test-case-name": "TestSD1.0_CPU4096_Dim1_DataCenters2_Subbid3_Quantity2", "supply-demand-ratio": 1.0, "cpu-core": 4096, "dimension": 1, "data-center": 2, "mean-of-subbids": 3, "mean-of-quantity": 2, "objective-value": 52343.094009667606, "linrelax-runtime": 0.07899999618530273, "status": 2, "profit-dictionary": {"0": 1.0, "1": 1.0, "2": 1.0, "3": 1.0, "4": 0.0, "5": 1.0, "6": 0.0, "7": 1.0, "8": 0.0, "9": 0.0, "10": 0.0, "11": 0.0, "12": 0.0, "13": 1.0, "14": 1.0, "15": 0.0, "16": 1.0, "17": 1.0, "18": 1.0, "19": 0.0, "20": 1.0, "21": 1.0, "22": 1.0, "23": 0.0, "24": 0.0, "25": 0.0, "26": 1.0, "27": 0.0, "28": 1.0, "29": 0.0, "30": 1.0, "31": 0.7306338028169013, "32": 1.0, "33": 0.0, "34": 0.0, "35": 1.0, "36": 1.0, "37": 0.0, "38": 1.0, "39": 0.0, "40": 0.0, "41": 0.0, "42": 1.0, "43": 1.0, "44": 0.0, "45": 1.0, "46": 1.0, "47": 0.0, "48": 0.0, "49": 1.0, "50": 0.0, "51": 1.0, "52": 0.0, "53": 0.0, "54": 1.0, "55": 0.0, "56": 0.0}}]}