{"linear-relax-results": [{"test-case-no": 1367, "test-case-name": "TestSD1.0_CPU4096_Dim3_DataCenters2_Subbid3_Quantity2", "supply-demand-ratio": 1.0, "cpu-core": 4096, "dimension": 3, "data-center": 2, "mean-of-subbids": 3, "mean-of-quantity": 2, "objective-value": 56827.40215283038, "linrelax-runtime": 0.1230001449584961, "status": 2, "profit-dictionary": {"0": 0.0, "1": 0.6455696202531646, "2": 0.0, "3": 0.0, "4": 0.0, "5": 1.0, "6": 1.0, "7": 1.0, "8": 0.0, "9": 1.0, "10": 1.0, "11": 1.0, "12": 0.0, "13": 0.0, "14": 0.0, "15": 1.0, "16": 0.0, "17": 1.0, "18": 1.0, "19": 1.0, "20": 1.0, "21": 0.0, "22": 0.0, "23": 1.0, "24": 0.0, "25": 1.0, "26": 0.0, "27": 0.0, "28": 0.0, "29": 0.0, "30": 1.0, "31": 0.0, "32": 1.0, "33": 1.0, "34": 1.0, "35": 0.0, "36": 1.0, "37": 1.0, "38": 0.0, "39": 0.0, "40": 0.0, "41": 1.0, "42": 1.0, "43": 1.0, "44": 1.0, "45": 0.0, "46": 1.0, "47": 1.0}}]}