{"linear-relax-results": [{"test-case-no": 956, "test-case-name": "TestSD0.75_CPU4096_Dim4_DataCenters2_Subbid1_Quantity2", "supply-demand-ratio": 0.75, "cpu-core": 4096, "dimension": 4, "data-center": 2, "mean-of-subbids": 1, "mean-of-quantity": 2, "objective-value": 49323.49193793489, "linrelax-runtime": 0.08299994468688965, "status": 2, "profit-dictionary": {"0": 1.0, "1": 1.0, "2": 1.0, "3": 0.0, "4": 1.0, "5": 0.0, "6": 1.0, "7": 1.0, "8": 0.0, "9": 0.0, "10": 1.0, "11": 1.0, "12": 1.0, "13": 1.0, "14": 1.0, "15": 1.0, "16": 1.0, "17": 0.0, "18": 1.0, "19": 1.0, "20": 1.0, "21": 1.0, "22": 1.0, "23": 1.0, "24": 0.0, "25": 1.0, "26": 0.0, "27": 0.0, "28": 1.0, "29": 1.0, "30": 0.0, "31": 0.0, "32": 1.0, "33": 1.0, "34": 1.0, "35": 0.0, "36": 0.0, "37": 0.0, "38": 1.0, "39": 1.0, "40": 0.0, "41": 1.0, "42": 0.0, "43": 1.0, "44": 1.0, "45": 1.0, "46": 0.0, "47": 0.7984496124031008, "48": 0.0, "49": 0.0, "50": 1.0, "51": 0.0, "52": 0.0, "53": 1.0, "54": 0.0, "55": 1.0, "56": 1.0, "57": 0.0, "58": 1.0, "59": 0.0, "60": 1.0, "61": 1.0, "62": 1.0, "63": 1.0, "64": 1.0, "65": 1.0, "66": 1.0, "67": 0.0, "68": 1.0, "69": 1.0, "70": 0.0, "71": 1.0, "72": 0.0, "73": 1.0, "74": 1.0, "75": 1.0, "76": 1.0, "77": 1.0, "78": 0.0, "79": 0.0, "80": 1.0, "81": 1.0, "82": 1.0, "83": 1.0, "84": 1.0, "85": 0.0, "86": 1.0, "87": 1.0}}]}