{"linear-relax-results": [{"test-case-no": 1403, "test-case-name": "TestSD1.0_CPU4096_Dim4_DataCenters4_Subbid3_Quantity2", "supply-demand-ratio": 1.0, "cpu-core": 4096, "dimension": 4, "data-center": 4, "mean-of-subbids": 3, "mean-of-quantity": 2, "objective-value": 55047.784373782124, "linrelax-runtime": 0.11400008201599121, "status": 2, "profit-dictionary": {"0": 1.0, "1": 0.0, "2": 0.0, "3": 0.0, "4": 0.0, "5": 1.0, "6": 0.0, "7": 0.0, "8": 0.0, "9": 0.0, "10": 0.0, "11": 0.0, "12": 0.0, "13": 0.0, "14": 1.0, "15": 0.0, "16": 1.0, "17": 0.0, "18": 0.0, "19": 0.0, "20": 0.0, "21": 1.0, "22": 1.0, "23": 1.0, "24": 0.0, "25": 0.0, "26": 0.0, "27": 1.0, "28": 1.0, "29": 1.0, "30": 1.0, "31": 1.0, "32": 1.0, "33": 1.0, "34": 1.0, "35": 0.0, "36": 1.0, "37": 1.0, "38": 1.0, "39": 1.0, "40": 1.0, "41": 0.0, "42": 0.0, "43": 0.0, "44": 1.0, "45": 1.0, "46": 0.0, "47": 0.5158501440922187, "48": 0.0, "49": 1.0}}]}