{"linear-relax-results": [{"test-case-no": 1398, "test-case-name": "TestSD1.0_CPU4096_Dim4_DataCenters4_Subbid2_Quantity1", "supply-demand-ratio": 1.0, "cpu-core": 4096, "dimension": 4, "data-center": 4, "mean-of-subbids": 2, "mean-of-quantity": 1, "objective-value": 47302.980339199996, "linrelax-runtime": 0.09100008010864258, "status": 2, "profit-dictionary": {"0": 1.0, "1": 0.0, "2": 0.0, "3": 1.0, "4": 1.0, "5": 1.0, "6": 0.0, "7": 1.0, "8": 1.0, "9": 1.0, "10": 1.0, "11": 1.0, "12": 0.0, "13": 1.0, "14": 0.0, "15": 1.0, "16": 1.0, "17": 1.0, "18": 1.0, "19": 1.0, "20": 1.0, "21": 1.0, "22": 1.0, "23": 0.0, "24": 1.0, "25": 1.0, "26": 1.0, "27": 1.0, "28": 0.0, "29": 1.0, "30": 0.0, "31": 1.0, "32": 1.0, "33": 1.0, "34": 1.0, "35": 1.0, "36": 0.0, "37": 1.0, "38": 1.0, "39": 0.0, "40": 1.0, "41": 1.0, "42": 1.0, "43": 0.0, "44": 1.0, "45": 1.0, "46": 1.0, "47": 0.0, "48": 1.0, "49": 1.0, "50": 1.0000000000000002, "51": 1.0, "52": 0.0, "53": 0.0, "54": 1.0, "55": 0.0, "56": 0.0, "57": 1.0, "58": 1.0}}]}