{"linear-relax-results": [{"test-case-no": 1295, "test-case-name": "TestSD0.75_CPU10240_Dim4_DataCenters4_Subbid3_Quantity2", "supply-demand-ratio": 0.75, "cpu-core": 10240, "dimension": 4, "data-center": 4, "mean-of-subbids": 3, "mean-of-quantity": 2, "objective-value": 121123.12065932076, "linrelax-runtime": 0.42800021171569824, "status": 2, "profit-dictionary": {"0": 1.0, "1": 1.0, "2": 0.0, "3": 0.0, "4": 1.0, "5": 0.0, "6": 0.0, "7": 0.0, "8": 1.0, "9": 0.0, "10": 1.0, "11": 1.0, "12": 1.0, "13": 1.0, "14": 0.0, "15": 1.0, "16": 0.0, "17": 1.0, "18": 0.0, "19": 1.0, "20": 1.0, "21": 0.0, "22": 0.0, "23": 1.0, "24": 1.0, "25": 0.0, "26": 1.0, "27": 1.0, "28": 1.0, "29": 0.0, "30": 1.0, "31": 1.0, "32": 1.0, "33": 1.0, "34": 1.0, "35": 0.0, "36": 1.0, "37": 1.0, "38": 1.0, "39": 0.8584905660377355, "40": 1.0, "41": 1.0, "42": 1.0, "43": 1.0, "44": 1.0, "45": 1.0, "46": 0.0, "47": 1.0, "48": 1.0, "49": 1.0, "50": 0.0, "51": 1.0, "52": 0.0, "53": 1.0, "54": 1.0, "55": 0.0, "56": 1.0, "57": 1.0, "58": 0.0, "59": 0.0, "60": 1.0, "61": 0.0, "62": 1.0, "63": 1.0, "64": 0.0, "65": 1.0, "66": 0.0, "67": 1.0, "68": 1.0, "69": 1.0, "70": 1.0, "71": 1.0, "72": 0.0, "73": 1.0, "74": 0.0, "75": 1.0, "76": 1.0, "77": 1.0, "78": 1.0}}]}