{"linear-relax-results": [{"test-case-no": 959, "test-case-name": "TestSD0.75_CPU4096_Dim4_DataCenters2_Subbid2_Quantity2", "supply-demand-ratio": 0.75, "cpu-core": 4096, "dimension": 4, "data-center": 2, "mean-of-subbids": 2, "mean-of-quantity": 2, "objective-value": 53983.84684187826, "linrelax-runtime": 0.07700014114379883, "status": 2, "profit-dictionary": {"0": 0.0, "1": 1.0, "2": 0.0, "3": 1.0, "4": 0.0, "5": 0.0, "6": 1.0, "7": 1.0, "8": 0.0, "9": 0.0, "10": 1.0, "11": 1.0, "12": 0.0, "13": 0.0, "14": 1.0, "15": 1.0, "16": 0.0, "17": 1.0, "18": 0.0, "19": 1.0, "20": 1.0, "21": 1.0, "22": 0.0, "23": 1.0, "24": 1.0, "25": 1.0, "26": 1.0, "27": 1.0, "28": 1.0, "29": 0.43478260869565205, "30": 1.0, "31": 0.0, "32": 0.0, "33": 1.0, "34": 0.0, "35": 1.0, "36": 0.0, "37": 1.0, "38": 0.0, "39": 1.0, "40": 0.0, "41": 0.0, "42": 1.0, "43": 1.0, "44": 1.0, "45": 1.0, "46": 1.0, "47": 0.0, "48": 1.0, "49": 0.0, "50": 1.0, "51": 0.0}}]}