{"linear-relax-results": [{"test-case-no": 1383, "test-case-name": "TestSD1.0_CPU4096_Dim4_DataCenters1_Subbid3_Quantity1", "supply-demand-ratio": 1.0, "cpu-core": 4096, "dimension": 4, "data-center": 1, "mean-of-subbids": 3, "mean-of-quantity": 1, "objective-value": 51563.022897371426, "linrelax-runtime": 0.05500006675720215, "status": 2, "profit-dictionary": {"0": 1.0, "1": 0.0, "2": 1.0, "3": 1.0, "4": 1.0, "5": 1.0, "6": 1.0, "7": 1.0, "8": 1.0, "9": 1.0, "10": 0.0, "11": 1.0, "12": 1.0, "13": 0.0, "14": 1.0, "15": 1.0, "16": 0.0, "17": 0.0, "18": 1.0, "19": 1.0, "20": 1.0, "21": 1.0, "22": 1.0, "23": 1.0, "24": 0.0, "25": 1.0, "26": 0.0, "27": 1.0, "28": 1.0, "29": 0.0, "30": 0.7142857142857135, "31": 1.0, "32": 1.0, "33": 1.0, "34": 1.0, "35": 1.0, "36": 1.0, "37": 0.0, "38": 1.0, "39": 1.0, "40": 0.0, "41": 1.0, "42": 1.0, "43": 1.0}}]}