{"linear-relax-results": [{"test-case-no": 1554, "test-case-name": "TestSD1.0_CPU8192_Dim2_DataCenters2_Subbid3_Quantity1", "supply-demand-ratio": 1.0, "cpu-core": 8192, "dimension": 2, "data-center": 2, "mean-of-subbids": 3, "mean-of-quantity": 1, "objective-value": 100241.62950156191, "linrelax-runtime": 0.44700002670288086, "status": 2, "profit-dictionary": {"0": 1.0, "1": 1.0, "2": 0.0, "3": 0.0, "4": 1.0, "5": 0.0, "6": 0.0, "7": 1.0, "8": 1.0, "9": 1.0, "10": 1.0, "11": 0.0, "12": 1.0, "13": 0.0, "14": 1.0, "15": 0.0, "16": 1.0, "17": 0.0, "18": 1.0, "19": 1.0, "20": 1.0, "21": 1.0, "22": 0.0, "23": 0.0, "24": 1.0, "25": 1.0, "26": 1.0, "27": 1.0, "28": 1.0, "29": 0.0, "30": 0.0, "31": 1.0, "32": 1.0, "33": 1.0, "34": 1.0, "35": 0.0, "36": 0.0, "37": 1.0, "38": 0.0, "39": 0.0, "40": 0.0, "41": 1.0, "42": 1.0, "43": 1.0, "44": 1.0, "45": 0.0, "46": 1.0, "47": 1.0, "48": 1.0, "49": 1.0, "50": 1.0, "51": 1.0, "52": 1.0, "53": 0.3809523809523782, "54": 1.0, "55": 1.0, "56": 1.0, "57": 1.0, "58": 1.0, "59": 1.0, "60": 1.0, "61": 1.0, "62": 1.0, "63": 1.0, "64": 0.0, "65": 1.0, "66": 0.0, "67": 1.0, "68": 0.0, "69": 1.0, "70": 1.0, "71": 1.0, "72": 1.0, "73": 1.0, "74": 1.0, "75": 1.0, "76": 0.0, "77": 1.0, "78": 1.0, "79": 1.0, "80": 1.0, "81": 1.0, "82": 1.0, "83": 1.0, "84": 1.0, "85": 1.0, "86": 0.0, "87": 0.0, "88": 0.0, "89": 1.0, "90": 0.0, "91": 1.0, "92": 1.0, "93": 1.0, "94": 1.0, "95": 0.0, "96": 1.0, "97": 0.0, "98": 1.0, "99": 1.0}}]}