{"linear-relax-results": [{"test-case-no": 1609, "test-case-name": "TestSD1.0_CPU8192_Dim4_DataCenters2_Subbid3_Quantity1.5", "supply-demand-ratio": 1.0, "cpu-core": 8192, "dimension": 4, "data-center": 2, "mean-of-subbids": 3, "mean-of-quantity": 1, "objective-value": 107404.47510533243, "linrelax-runtime": 0.2820000648498535, "status": 2, "profit-dictionary": {"0": 0.010238907849829232, "1": 1.0, "2": 1.0, "3": 0.0, "4": 0.0, "5": 0.0, "6": 1.0, "7": 0.0, "8": 0.0, "9": 1.0, "10": 1.0, "11": 1.0, "12": 1.0, "13": 0.0, "14": 1.0, "15": 1.0, "16": 0.0, "17": 1.0, "18": 1.0, "19": 1.0, "20": 1.0, "21": 1.0, "22": 0.0, "23": 1.0, "24": 1.0, "25": 0.0, "26": 1.0, "27": 0.0, "28": 0.0, "29": 1.0, "30": 1.0, "31": 1.0, "32": 1.0, "33": 1.0, "34": 0.0, "35": 0.0, "36": 1.0, "37": 0.0, "38": 0.0, "39": 1.0, "40": 1.0, "41": 1.0, "42": 1.0, "43": 1.0, "44": 1.0, "45": 1.0, "46": 0.0, "47": 1.0, "48": 0.0, "49": 1.0, "50": 0.0, "51": 0.0, "52": 0.0, "53": 0.0, "54": 0.0, "55": 0.0, "56": 1.0, "57": 0.0, "58": 1.0, "59": 0.0, "60": 1.0, "61": 0.0, "62": 1.0, "63": 1.0, "64": 0.0, "65": 0.0, "66": 0.0, "67": 0.0, "68": 1.0, "69": 1.0, "70": 1.0, "71": 1.0, "72": 1.0, "73": 1.0, "74": 1.0, "75": 1.0, "76": 1.0, "77": 0.0, "78": 0.0, "79": 1.0, "80": 1.0, "81": 0.0, "82": 1.0, "83": 0.0, "84": 1.0, "85": 1.0, "86": 0.0, "87": 1.0, "88": 1.0, "89": 1.0}}]}