{"linear-relax-results": [{"test-case-no": 1411, "test-case-name": "TestSD1.0_CPU6144_Dim1_DataCenters1_Subbid3_Quantity1.5", "supply-demand-ratio": 1.0, "cpu-core": 6144, "dimension": 1, "data-center": 1, "mean-of-subbids": 3, "mean-of-quantity": 1, "objective-value": 82840.82426202351, "linrelax-runtime": 0.06499981880187988, "status": 2, "profit-dictionary": {"0": 1.0, "1": 1.0, "2": 1.0, "3": 1.0, "4": 1.0, "5": 1.0, "6": 1.0, "7": 1.0, "8": 1.0, "9": 1.0, "10": 0.0, "11": 1.0, "12": 0.0, "13": 1.0, "14": 0.0, "15": 0.0, "16": 0.0, "17": 1.0, "18": 1.0, "19": 1.0, "20": 1.0, "21": 1.0, "22": 1.0, "23": 1.0, "24": 1.0, "25": 1.0, "26": 1.0, "27": 0.0, "28": 0.0, "29": 0.0, "30": 1.0, "31": 1.0, "32": 1.0, "33": 1.0, "34": 0.0, "35": 0.0, "36": 1.0, "37": 1.0, "38": 0.0, "39": 0.0, "40": 0.0, "41": 1.0, "42": 0.0, "43": 0.2647058823529409, "44": 1.0, "45": 1.0, "46": 1.0, "47": 0.0, "48": 0.0, "49": 1.0, "50": 1.0, "51": 1.0, "52": 1.0, "53": 0.0, "54": 1.0, "55": 0.0, "56": 0.0, "57": 0.0, "58": 1.0, "59": 1.0, "60": 1.0, "61": 0.0, "62": 0.0, "63": 0.0, "64": 1.0, "65": 1.0, "66": 0.0, "67": 1.0, "68": 0.0, "69": 0.0, "70": 1.0}}]}