{"linear-relax-results": [{"test-case-no": 1310, "test-case-name": "TestSD1.0_CPU4096_Dim1_DataCenters2_Subbid2_Quantity2", "supply-demand-ratio": 1.0, "cpu-core": 4096, "dimension": 1, "data-center": 2, "mean-of-subbids": 2, "mean-of-quantity": 2, "objective-value": 56327.337838804044, "linrelax-runtime": 0.07000017166137695, "status": 2, "profit-dictionary": {"0": 0.0, "1": 0.0, "2": 1.0, "3": 0.0, "4": 1.0, "5": 0.0, "6": 1.0, "7": 0.0, "8": 0.0, "9": 0.0, "10": 0.0, "11": 0.0, "12": 0.0, "13": 0.0, "14": 1.0, "15": 1.0, "16": 1.0, "17": 1.0, "18": 1.0, "19": 1.0, "20": 0.0, "21": 1.0, "22": 0.0, "23": 1.0, "24": 0.0, "25": 0.0, "26": 0.0, "27": 0.0, "28": 0.0, "29": 0.0, "30": 1.0, "31": 1.0, "32": 0.0, "33": 0.0, "34": 0.0, "35": 0.0, "36": 0.0, "37": 0.0, "38": 0.0, "39": 0.0, "40": 1.0, "41": 1.0, "42": 0.0, "43": 0.0, "44": 0.0, "45": 1.0, "46": 0.0, "47": 1.0, "48": 0.0, "49": 0.0, "50": 1.0, "51": 0.9797979797979798, "52": 1.0, "53": 0.0, "54": 0.0, "55": 0.0, "56": 0.0, "57": 1.0, "58": 0.0}}]}