{"linear-relax-results": [{"test-case-no": 1438, "test-case-name": "TestSD1.0_CPU6144_Dim2_DataCenters1_Subbid3_Quantity1.5", "supply-demand-ratio": 1.0, "cpu-core": 6144, "dimension": 2, "data-center": 1, "mean-of-subbids": 3, "mean-of-quantity": 1, "objective-value": 82536.2633276019, "linrelax-runtime": 0.08000016212463379, "status": 2, "profit-dictionary": {"0": 0.0, "1": 1.0, "2": 0.0, "3": 0.0, "4": 0.0, "5": 1.0, "6": 0.0, "7": 1.0, "8": 1.0, "9": 1.0, "10": 1.0, "11": 1.0, "12": 1.0, "13": 0.0, "14": 1.0, "15": 1.0, "16": 0.0, "17": 0.0, "18": 1.0, "19": 0.0, "20": 1.0, "21": 1.0, "22": 1.0, "23": 1.0, "24": 1.0, "25": 1.0, "26": 1.0, "27": 0.0, "28": 1.0, "29": 1.0, "30": 0.0, "31": 1.0, "32": 1.0, "33": 1.0, "34": 1.0, "35": 0.0, "36": 1.0, "37": 1.0, "38": 1.0, "39": 1.0, "40": 1.0, "41": 1.0, "42": 1.0, "43": 0.0, "44": 0.0, "45": 1.0, "46": 0.0, "47": 0.0, "48": 0.0, "49": 0.0, "50": 0.0, "51": 1.0, "52": 0.0, "53": 0.0, "54": 0.0, "55": 0.0, "56": 1.0, "57": 1.0, "58": 0.0, "59": 0.0, "60": 1.0, "61": 1.0, "62": 0.0, "63": 1.0, "64": 0.0, "65": 0.0, "66": 0.1483253588516743, "67": 1.0, "68": 1.0, "69": 1.0, "70": 1.0, "71": 0.0}}]}