{"linear-relax-results": [{"test-case-no": 1318, "test-case-name": "TestSD1.0_CPU4096_Dim1_DataCenters4_Subbid2_Quantity1.5", "supply-demand-ratio": 1.0, "cpu-core": 4096, "dimension": 1, "data-center": 4, "mean-of-subbids": 2, "mean-of-quantity": 1, "objective-value": 53990.86495458461, "linrelax-runtime": 0.10399985313415527, "status": 2, "profit-dictionary": {"0": 1.0, "1": 0.0, "2": 1.0, "3": 0.0, "4": 1.0, "5": 0.0, "6": 0.0, "7": 1.0, "8": 0.0, "9": 0.0, "10": 1.0, "11": 0.3461538461538468, "12": 0.0, "13": 0.0, "14": 1.0, "15": 1.0, "16": 1.0, "17": 0.0, "18": 1.0, "19": 1.0, "20": 1.0, "21": 1.0, "22": 0.0, "23": 1.0, "24": 0.0, "25": 1.0, "26": 0.0, "27": 0.0, "28": 0.0, "29": 1.0, "30": 1.0, "31": 1.0, "32": 0.0, "33": 0.0, "34": 0.0, "35": 1.0, "36": 0.0, "37": 1.0, "38": 0.0, "39": 1.0, "40": 0.0, "41": 1.0, "42": 0.0, "43": 1.0, "44": 0.0, "45": 0.0, "46": 1.0, "47": 0.0, "48": 0.0, "49": 0.0, "50": 1.0, "51": 1.0, "52": 1.0, "53": 1.0, "54": 1.0, "55": 0.0, "56": 0.0, "57": 0.0, "58": 0.0, "59": 0.0, "60": 1.0, "61": 0.0, "62": 1.0, "63": 1.0, "64": 0.0, "65": 1.0, "66": 1.0, "67": 1.0, "68": 1.0, "69": 1.0, "70": 0.0, "71": 1.0, "72": 1.0, "73": 0.0, "74": 0.0}}]}