{"linear-relax-results": [{"test-case-no": 1328, "test-case-name": "TestSD1.0_CPU4096_Dim2_DataCenters1_Subbid2_Quantity2", "supply-demand-ratio": 1.0, "cpu-core": 4096, "dimension": 2, "data-center": 1, "mean-of-subbids": 2, "mean-of-quantity": 2, "objective-value": 54165.7659342088, "linrelax-runtime": 0.04399991035461426, "status": 2, "profit-dictionary": {"0": 0.0, "1": 0.0, "2": 0.0, "3": 1.0, "4": 1.0, "5": 1.0, "6": 0.0, "7": 0.0, "8": 1.0, "9": 0.0, "10": 0.0, "11": 0.0, "12": 1.0, "13": 0.0, "14": 1.0, "15": 0.0, "16": 0.0, "17": 0.0, "18": 0.0, "19": 1.0, "20": 0.0, "21": 1.0, "22": 0.0, "23": 0.0, "24": 0.0, "25": 0.0, "26": 1.0, "27": 1.0, "28": 0.0, "29": 1.0, "30": 0.0, "31": 1.0, "32": 0.0, "33": 1.0, "34": 1.0, "35": 0.0, "36": 1.0, "37": 0.0, "38": 1.0, "39": 1.0, "40": 1.0, "41": 1.0, "42": 1.0, "43": 0.0, "44": 0.0, "45": 0.0, "46": 1.0, "47": 1.0, "48": 0.0, "49": 1.0, "50": 1.0, "51": 1.0, "52": 1.0, "53": 1.0, "54": 0.0, "55": 1.0, "56": 1.0, "57": 0.5911949685534588, "58": 0.0, "59": 0.0, "60": 1.0, "61": 1.0, "62": 0.0, "63": 1.0, "64": 1.0}}]}