{"linear-relax-results": [{"test-case-no": 1166, "test-case-name": "TestSD0.75_CPU8192_Dim4_DataCenters1_Subbid2_Quantity2", "supply-demand-ratio": 0.75, "cpu-core": 8192, "dimension": 4, "data-center": 1, "mean-of-subbids": 2, "mean-of-quantity": 2, "objective-value": 106921.11505881211, "linrelax-runtime": 0.14899992942810059, "status": 2, "profit-dictionary": {"0": 0.0, "1": 0.0, "2": 0.0, "3": 1.0, "4": 1.0, "5": 1.0, "6": 1.0, "7": 1.0, "8": 1.0, "9": 0.0, "10": 1.0, "11": 1.0, "12": 0.0, "13": 0.0, "14": 1.0, "15": 0.4065656565656558, "16": 1.0, "17": 1.0, "18": 1.0, "19": 1.0, "20": 1.0, "21": 1.0, "22": 1.0, "23": 1.0, "24": 1.0, "25": 1.0, "26": 1.0, "27": 0.0, "28": 1.0, "29": 1.0, "30": 1.0, "31": 0.0, "32": 1.0, "33": 0.0, "34": 0.0, "35": 1.0, "36": 1.0, "37": 0.0, "38": 0.0, "39": 1.0, "40": 1.0, "41": 1.0, "42": 0.0, "43": 1.0, "44": 1.0, "45": 1.0, "46": 1.0, "47": 1.0, "48": 1.0, "49": 1.0, "50": 1.0, "51": 0.0, "52": 1.0, "53": 1.0, "54": 1.0, "55": 1.0, "56": 1.0, "57": 1.0, "58": 0.0, "59": 0.0, "60": 1.0, "61": 1.0, "62": 1.0, "63": 1.0, "64": 0.0, "65": 1.0, "66": 1.0, "67": 1.0, "68": 1.0, "69": 1.0, "70": 1.0, "71": 0.0, "72": 1.0, "73": 1.0, "74": 0.0, "75": 1.0, "76": 1.0, "77": 1.0, "78": 0.0, "79": 0.0, "80": 1.0, "81": 1.0, "82": 1.0, "83": 0.0, "84": 0.0, "85": 0.0, "86": 0.0, "87": 0.0, "88": 1.0, "89": 0.0, "90": 0.0, "91": 1.0, "92": 1.0, "93": 1.0, "94": 0.0, "95": 1.0, "96": 0.0, "97": 0.0, "98": 1.0, "99": 0.0, "100": 0.0}}]}