{"linear-relax-results": [{"test-case-no": 865, "test-case-name": "TestSD0.75_CPU4096_Dim1_DataCenters1_Subbid1_Quantity1.5", "supply-demand-ratio": 0.75, "cpu-core": 4096, "dimension": 1, "data-center": 1, "mean-of-subbids": 1, "mean-of-quantity": 1, "objective-value": 51097.11493033846, "linrelax-runtime": 0.026000022888183594, "status": 2, "profit-dictionary": {"0": 0.0, "1": 0.0, "2": 0.0, "3": 1.0, "4": 0.0, "5": 0.0, "6": 0.0, "7": 1.0, "8": 0.0, "9": 0.0, "10": 1.0, "11": 0.0, "12": 1.0, "13": 0.0, "14": 0.0, "15": 0.0, "16": 0.4519230769230767, "17": 1.0, "18": 1.0, "19": 1.0, "20": 1.0, "21": 1.0, "22": 1.0, "23": 0.0, "24": 1.0, "25": 1.0, "26": 1.0, "27": 1.0, "28": 1.0, "29": 1.0, "30": 1.0, "31": 1.0, "32": 1.0, "33": 1.0, "34": 1.0, "35": 0.0, "36": 1.0, "37": 1.0, "38": 0.0, "39": 1.0, "40": 1.0, "41": 0.0, "42": 0.0, "43": 1.0, "44": 1.0, "45": 0.0, "46": 1.0, "47": 1.0, "48": 1.0, "49": 1.0, "50": 0.0, "51": 0.0, "52": 1.0, "53": 1.0, "54": 1.0, "55": 1.0, "56": 1.0, "57": 0.0, "58": 1.0, "59": 0.0, "60": 1.0, "61": 1.0, "62": 1.0, "63": 1.0, "64": 1.0, "65": 1.0, "66": 1.0, "67": 0.0, "68": 1.0, "69": 1.0, "70": 0.0, "71": 0.0, "72": 1.0}}]}