{"linear-relax-results": [{"test-case-no": 913, "test-case-name": "TestSD0.75_CPU4096_Dim2_DataCenters4_Subbid2_Quantity1.5", "supply-demand-ratio": 0.75, "cpu-core": 4096, "dimension": 2, "data-center": 4, "mean-of-subbids": 2, "mean-of-quantity": 1, "objective-value": 51672.43488465454, "linrelax-runtime": 0.12400007247924805, "status": 2, "profit-dictionary": {"0": 1.0, "1": 0.0, "2": 0.0, "3": 1.0, "4": 0.0, "5": 1.0, "6": 1.0, "7": 0.0, "8": 1.0, "9": 0.4318181818181818, "10": 0.0, "11": 1.0, "12": 1.0, "13": 1.0, "14": 0.0, "15": 1.0, "16": 1.0, "17": 1.0, "18": 1.0, "19": 1.0, "20": 1.0, "21": 1.0, "22": 1.0, "23": 1.0, "24": 1.0, "25": 1.0, "26": 1.0, "27": 1.0, "28": 0.0, "29": 0.0, "30": 1.0, "31": 1.0, "32": 1.0, "33": 1.0, "34": 1.0, "35": 0.0, "36": 1.0, "37": 1.0, "38": 1.0, "39": 1.0, "40": 1.0, "41": 0.0, "42": 1.0, "43": 0.0, "44": 0.0, "45": 1.0, "46": 0.0, "47": 0.0, "48": 1.0, "49": 1.0, "50": 0.0, "51": 0.0, "52": 1.0, "53": 1.0, "54": 0.0, "55": 0.0, "56": 1.0, "57": 1.0}}]}