{"linear-relax-results": [{"test-case-no": 893, "test-case-name": "TestSD0.75_CPU4096_Dim2_DataCenters1_Subbid1_Quantity2", "supply-demand-ratio": 0.75, "cpu-core": 4096, "dimension": 2, "data-center": 1, "mean-of-subbids": 1, "mean-of-quantity": 2, "objective-value": 53993.556180841886, "linrelax-runtime": 0.026999950408935547, "status": 2, "profit-dictionary": {"0": 1.0, "1": 0.0, "2": 0.0, "3": 1.0, "4": 0.0, "5": 0.0, "6": 1.0, "7": 0.026178010471204393, "8": 0.0, "9": 1.0, "10": 0.0, "11": 0.0, "12": 0.0, "13": 1.0, "14": 0.0, "15": 0.0, "16": 0.0, "17": 0.0, "18": 1.0, "19": 1.0, "20": 0.0, "21": 0.0, "22": 1.0, "23": 1.0, "24": 1.0, "25": 1.0, "26": 1.0, "27": 1.0, "28": 0.0, "29": 0.0, "30": 1.0, "31": 0.0, "32": 1.0, "33": 1.0, "34": 0.0, "35": 1.0, "36": 0.0, "37": 1.0, "38": 1.0, "39": 0.0, "40": 1.0, "41": 1.0, "42": 1.0, "43": 0.0, "44": 1.0, "45": 1.0, "46": 0.0, "47": 1.0, "48": 0.0, "49": 0.0, "50": 1.0, "51": 0.0, "52": 0.0, "53": 1.0, "54": 1.0, "55": 1.0, "56": 1.0, "57": 1.0, "58": 1.0, "59": 0.0, "60": 1.0, "61": 1.0, "62": 0.0, "63": 1.0, "64": 1.0, "65": 0.0, "66": 0.0, "67": 1.0, "68": 0.0, "69": 1.0, "70": 1.0, "71": 1.0, "72": 1.0, "73": 0.0, "74": 0.0, "75": 0.0, "76": 1.0, "77": 0.0, "78": 0.0, "79": 1.0, "80": 0.0, "81": 1.0, "82": 1.0, "83": 1.0, "84": 0.0, "85": 1.0, "86": 0.0}}]}