{"linear-relax-results": [{"test-case-no": 964, "test-case-name": "TestSD0.75_CPU4096_Dim4_DataCenters4_Subbid1_Quantity1.5", "supply-demand-ratio": 0.75, "cpu-core": 4096, "dimension": 4, "data-center": 4, "mean-of-subbids": 1, "mean-of-quantity": 1, "objective-value": 48638.26428981728, "linrelax-runtime": 0.08100008964538574, "status": 2, "profit-dictionary": {"0": 1.0, "1": 1.0, "2": 1.0, "3": 1.0, "4": 1.0, "5": 1.0, "6": 1.0, "7": 1.0, "8": 1.0, "9": 1.0, "10": 1.0, "11": 1.0, "12": 1.0, "13": 1.0, "14": 1.0, "15": 1.0, "16": 1.0, "17": 0.0, "18": 1.0, "19": 0.0, "20": 1.0, "21": 1.0, "22": 1.0, "23": 0.0, "24": 1.0, "25": 1.0, "26": 1.0, "27": 0.0, "28": 1.0, "29": 1.0, "30": 1.0, "31": 0.0, "32": 0.0, "33": 1.0, "34": 0.0, "35": 1.0, "36": 1.0, "37": 0.0, "38": 1.0, "39": 0.0, "40": 0.0, "41": 1.0, "42": 0.0, "43": 1.0, "44": 0.0, "45": 1.0, "46": 1.0, "47": 1.0, "48": 0.0, "49": 1.0, "50": 0.0, "51": 0.0, "52": 0.0, "53": 0.0, "54": 1.0, "55": 1.0, "56": 1.0, "57": 0.0, "58": 1.0, "59": 0.0, "60": 0.0, "61": 1.0, "62": 1.0, "63": 0.9382716049382717, "64": 0.0, "65": 1.0, "66": 1.0, "67": 1.0, "68": 1.0, "69": 0.0, "70": 1.0, "71": 1.0, "72": 1.0, "73": 1.0, "74": 1.0, "75": 1.0, "76": 1.0, "77": 1.0, "78": 0.0, "79": 0.0}}]}