{"linear-relax-results": [{"test-case-no": 1061, "test-case-name": "TestSD0.75_CPU6144_Dim4_DataCenters1_Subbid3_Quantity2", "supply-demand-ratio": 0.75, "cpu-core": 6144, "dimension": 4, "data-center": 1, "mean-of-subbids": 3, "mean-of-quantity": 2, "objective-value": 82934.65088741052, "linrelax-runtime": 0.10399985313415527, "status": 2, "profit-dictionary": {"0": 1.0, "1": 1.0, "2": 0.0, "3": 1.0, "4": 1.0, "5": 0.0, "6": 1.0, "7": 0.0, "8": 1.0, "9": 0.0, "10": 1.0, "11": 0.9271255060728746, "12": 0.0, "13": 0.0, "14": 0.0, "15": 1.0, "16": 1.0, "17": 0.0, "18": 0.0, "19": 1.0, "20": 1.0, "21": 1.0, "22": 0.0, "23": 1.0, "24": 1.0, "25": 1.0, "26": 0.0, "27": 1.0, "28": 1.0, "29": 1.0, "30": 0.0, "31": 1.0, "32": 1.0, "33": 0.0, "34": 1.0, "35": 0.0, "36": 1.0, "37": 1.0, "38": 1.0, "39": 0.0, "40": 1.0, "41": 0.0, "42": 0.0, "43": 1.0, "44": 0.0, "45": 1.0, "46": 1.0, "47": 0.0, "48": 1.0, "49": 1.0, "50": 0.0, "51": 1.0, "52": 1.0, "53": 0.0, "54": 1.0, "55": 1.0, "56": 1.0, "57": 1.0, "58": 0.0, "59": 1.0, "60": 0.0}}]}