{"linear-relax-results": [{"test-case-no": 899, "test-case-name": "TestSD0.75_CPU4096_Dim2_DataCenters1_Subbid3_Quantity2", "supply-demand-ratio": 0.75, "cpu-core": 4096, "dimension": 2, "data-center": 1, "mean-of-subbids": 3, "mean-of-quantity": 2, "objective-value": 51276.69059923478, "linrelax-runtime": 0.026999950408935547, "status": 2, "profit-dictionary": {"0": 1.0, "1": 0.0, "2": 0.0, "3": 1.0, "4": 0.0, "5": 1.0, "6": 1.0, "7": 1.0, "8": 1.0, "9": 1.0, "10": 1.0, "11": 1.0, "12": 1.0, "13": 1.0, "14": 1.0, "15": 1.0, "16": 1.0, "17": 1.0, "18": 1.0, "19": 1.0, "20": 1.0, "21": 1.0, "22": 0.10869565217391304, "23": 0.0, "24": 1.0, "25": 1.0, "26": 1.0, "27": 0.0, "28": 0.0, "29": 1.0, "30": 0.0, "31": 0.0, "32": 1.0, "33": 0.0, "34": 1.0}}]}