{"linear-relax-results": [{"test-case-no": 1079, "test-case-name": "TestSD0.75_CPU6144_Dim4_DataCenters4_Subbid3_Quantity2", "supply-demand-ratio": 0.75, "cpu-core": 6144, "dimension": 4, "data-center": 4, "mean-of-subbids": 3, "mean-of-quantity": 2, "objective-value": 77881.34179592872, "linrelax-runtime": 0.14700007438659668, "status": 2, "profit-dictionary": {"0": 0.0, "1": 0.0, "2": 1.0, "3": 1.0, "4": 0.0, "5": 0.0, "6": 1.0, "7": 0.0, "8": 1.0, "9": 1.0, "10": 0.0, "11": 1.0, "12": 1.0, "13": 0.0, "14": 1.0, "15": 1.0, "16": 1.0, "17": 1.0, "18": 1.0, "19": 0.22772277227722884, "20": 1.0, "21": 0.0, "22": 0.0, "23": 1.0, "24": 1.0, "25": 1.0, "26": 1.0, "27": 1.0, "28": 0.0, "29": 1.0, "30": 1.0, "31": 0.0, "32": 0.0, "33": 0.0, "34": 1.0, "35": 0.0, "36": 1.0, "37": 1.0, "38": 0.0, "39": 0.0, "40": 1.0, "41": 1.0, "42": 1.0, "43": 1.0, "44": 1.0, "45": 1.0, "46": 1.0, "47": 1.0, "48": 1.0, "49": 1.0, "50": 1.0, "51": 0.0}}]}