{"linear-relax-results": [{"test-case-no": 914, "test-case-name": "TestSD0.75_CPU4096_Dim2_DataCenters4_Subbid2_Quantity2", "supply-demand-ratio": 0.75, "cpu-core": 4096, "dimension": 2, "data-center": 4, "mean-of-subbids": 2, "mean-of-quantity": 2, "objective-value": 45103.12127879731, "linrelax-runtime": 0.11300015449523926, "status": 2, "profit-dictionary": {"0": 1.0, "1": 1.0, "2": 0.7869127516778525, "3": 1.0, "4": 1.0, "5": 0.0, "6": 0.0, "7": 1.0, "8": 1.0, "9": 0.0, "10": 1.0, "11": 1.0, "12": 1.0, "13": 0.0, "14": 0.0, "15": 0.0, "16": 1.0, "17": 1.0, "18": 1.0, "19": 1.0, "20": 0.0, "21": 1.0, "22": 1.0, "23": 1.0, "24": 1.0, "25": 1.0, "26": 0.0, "27": 1.0, "28": 1.0, "29": 0.0, "30": 1.0, "31": 0.0, "32": 1.0, "33": 1.0, "34": 0.0, "35": 1.0, "36": 0.0, "37": 1.0, "38": 0.0, "39": 0.0, "40": 1.0, "41": 1.0, "42": 1.0, "43": 1.0, "44": 1.0, "45": 1.0, "46": 0.0, "47": 1.0, "48": 0.0, "49": 1.0, "50": 1.0, "51": 1.0, "52": 1.0, "53": 1.0, "54": 0.0, "55": 1.0}}]}