{"linear-relax-results": [{"test-case-no": 1025, "test-case-name": "TestSD0.75_CPU6144_Dim2_DataCenters4_Subbid3_Quantity2", "supply-demand-ratio": 0.75, "cpu-core": 6144, "dimension": 2, "data-center": 4, "mean-of-subbids": 3, "mean-of-quantity": 2, "objective-value": 68960.83414516364, "linrelax-runtime": 0.38899993896484375, "status": 2, "profit-dictionary": {"0": 1.0, "1": 1.0, "2": 1.0, "3": 0.0, "4": 1.0, "5": 1.0, "6": 0.9090909090909087, "7": 0.0, "8": 0.0, "9": 1.0, "10": 1.0, "11": 0.0, "12": 0.0, "13": 0.0, "14": 0.0, "15": 1.0, "16": 1.0, "17": 1.0, "18": 0.0, "19": 0.0, "20": 1.0, "21": 1.0, "22": 0.0, "23": 0.0, "24": 1.0, "25": 1.0, "26": 1.0, "27": 1.0, "28": 1.0, "29": 1.0, "30": 0.0, "31": 0.0, "32": 1.0, "33": 1.0, "34": 0.0, "35": 1.0, "36": 0.0, "37": 0.0, "38": 0.0, "39": 1.0, "40": 1.0, "41": 1.0, "42": 1.0, "43": 0.0, "44": 0.0, "45": 1.0, "46": 0.0, "47": 0.0, "48": 1.0, "49": 1.0, "50": 1.0, "51": 0.0, "52": 1.0, "53": 0.0, "54": 1.0, "55": 1.0, "56": 1.0, "57": 1.0, "58": 1.0, "59": 1.0, "60": 0.0, "61": 1.0, "62": 0.0, "63": 1.0, "64": 0.0}}]}