{"linear-relax-results": [{"test-case-no": 725, "test-case-name": "TestSD0.5_CPU8192_Dim3_DataCenters4_Subbid2_Quantity2", "supply-demand-ratio": 0.5, "cpu-core": 8192, "dimension": 3, "data-center": 4, "mean-of-subbids": 2, "mean-of-quantity": 2, "objective-value": 97005.7501520842, "linrelax-runtime": 0.28600001335144043, "status": 2, "profit-dictionary": {"0": 1.0, "1": 1.0, "2": 0.0, "3": 1.0, "4": 1.0, "5": 0.9649122807017543, "6": 1.0, "7": 1.0, "8": 1.0, "9": 1.0, "10": 1.0, "11": 0.0, "12": 1.0, "13": 1.0, "14": 1.0, "15": 1.0, "16": 1.0, "17": 1.0, "18": 1.0, "19": 1.0, "20": 1.0, "21": 1.0, "22": 0.0, "23": 1.0, "24": 0.0, "25": 1.0, "26": 1.0, "27": 1.0, "28": 1.0, "29": 1.0, "30": 1.0, "31": 1.0, "32": 1.0, "33": 1.0, "34": 1.0, "35": 1.0, "36": 1.0, "37": 0.0, "38": 1.0, "39": 1.0, "40": 0.0, "41": 1.0, "42": 1.0, "43": 1.0, "44": 1.0, "45": 1.0, "46": 0.0, "47": 1.0, "48": 0.0, "49": 1.0, "50": 1.0, "51": 0.0, "52": 1.0, "53": 1.0, "54": 1.0, "55": 1.0, "56": 1.0, "57": 1.0, "58": 1.0, "59": 1.0, "60": 0.0, "61": 1.0, "62": 1.0, "63": 1.0, "64": 0.0, "65": 1.0, "66": 1.0}}]}