{"linear-relax-results": [{"test-case-no": 1319, "test-case-name": "TestSD1.0_CPU4096_Dim1_DataCenters4_Subbid2_Quantity2", "supply-demand-ratio": 1.0, "cpu-core": 4096, "dimension": 1, "data-center": 4, "mean-of-subbids": 2, "mean-of-quantity": 2, "objective-value": 49364.737023691974, "linrelax-runtime": 0.08899998664855957, "status": 2, "profit-dictionary": {"0": 1.0, "1": 0.0, "2": 1.0, "3": 1.0, "4": 1.0, "5": 1.0, "6": 1.0, "7": 1.0, "8": 1.0, "9": 0.0, "10": 1.0, "11": 0.0, "12": 1.0, "13": 1.0, "14": 1.0, "15": 0.0, "16": 0.0, "17": 0.0, "18": 1.0, "19": 1.0, "20": 1.0, "21": 0.0, "22": 1.0, "23": 0.0, "24": 1.0, "25": 1.0, "26": 0.0, "27": 1.0, "28": 1.0, "29": 0.0, "30": 0.0, "31": 0.0, "32": 1.0, "33": 0.0, "34": 1.0, "35": 1.0, "36": 1.0, "37": 1.0, "38": 0.0, "39": 0.0, "40": 0.0, "41": 1.0, "42": 0.0, "43": 1.0, "44": 1.0, "45": 1.0, "46": 1.0, "47": 1.0, "48": 0.0, "49": 1.0, "50": 0.0, "51": 1.0, "52": 0.0, "53": 1.0, "54": 1.0, "55": 1.0, "56": 0.1684491978609626, "57": 1.0, "58": 1.0, "59": 0.0, "60": 1.0, "61": 1.0, "62": 1.0, "63": 0.0}}]}