{"linear-relax-results": [{"test-case-no": 1744, "test-case-name": "TestSD2.0_CPU4096_Dim1_DataCenters2_Subbid3_Quantity1.5", "supply-demand-ratio": 2.0, "cpu-core": 4096, "dimension": 1, "data-center": 2, "mean-of-subbids": 3, "mean-of-quantity": 1, "objective-value": 59544.41205926957, "linrelax-runtime": 0.1530001163482666, "status": 2, "profit-dictionary": {"0": 0.0, "1": 0.0, "2": 1.0, "3": 0.0, "4": 1.0, "5": 0.0, "6": 0.0, "7": 0.0, "8": 0.0, "9": 0.0, "10": 0.0, "11": 0.0, "12": 0.0, "13": 0.0, "14": 1.0, "15": 0.0, "16": 1.0, "17": 0.0, "18": 1.0, "19": 0.0, "20": 0.0, "21": 0.0, "22": 0.0, "23": 0.0, "24": 1.0, "25": 1.0, "26": 0.0, "27": 1.0, "28": 0.0, "29": 0.0, "30": 0.0, "31": 0.0, "32": 0.0, "33": 1.0, "34": 0.0, "35": 0.0, "36": 1.0, "37": 0.0, "38": 1.0, "39": 0.0, "40": 1.0, "41": 1.0, "42": 0.0, "43": 1.0, "44": 1.0, "45": 0.0, "46": 0.0, "47": 0.0, "48": 0.0, "49": 0.0, "50": 0.0, "51": 1.0, "52": 0.0, "53": 0.0, "54": 1.0, "55": 0.0, "56": 0.0, "57": 0.0, "58": 0.0, "59": 1.0, "60": 0.0, "61": 0.0, "62": 0.0, "63": 0.0, "64": 0.0, "65": 0.0, "66": 0.0, "67": 0.0, "68": 0.0, "69": 0.0, "70": 1.0, "71": 0.0, "72": 1.0, "73": 0.0, "74": 0.0, "75": 0.0, "76": 0.0, "77": 0.0, "78": 0.0, "79": 0.0, "80": 0.0, "81": 1.0, "82": 0.0, "83": 0.0, "84": 0.0, "85": 0.0, "86": 0.0, "87": 0.0, "88": 1.0, "89": 0.0, "90": 0.0, "91": 0.0, "92": 0.0, "93": 1.0, "94": 1.0, "95": 0.0, "96": 0.0, "97": 0.17753623188405795, "98": 0.0, "99": 1.0, "100": 0.0, "101": 0.0}}]}