{"linear-relax-results": [{"test-case-no": 1303, "test-case-name": "TestSD1.0_CPU4096_Dim1_DataCenters1_Subbid3_Quantity1.5", "supply-demand-ratio": 1.0, "cpu-core": 4096, "dimension": 1, "data-center": 1, "mean-of-subbids": 3, "mean-of-quantity": 1, "objective-value": 59899.12714447567, "linrelax-runtime": 0.03400015830993652, "status": 2, "profit-dictionary": {"0": 0.0, "1": 1.0, "2": 1.0, "3": 0.0, "4": 0.0, "5": 1.0, "6": 0.0, "7": 0.0, "8": 1.0, "9": 0.0, "10": 1.0, "11": 1.0, "12": 0.0, "13": 1.0, "14": 0.0, "15": 0.0, "16": 1.0, "17": 1.0, "18": 1.0, "19": 1.0, "20": 0.0, "21": 0.0, "22": 1.0, "23": 0.0, "24": 1.0, "25": 0.0, "26": 0.0, "27": 1.0, "28": 1.0, "29": 0.8918918918918919, "30": 0.0, "31": 1.0, "32": 1.0, "33": 1.0, "34": 1.0, "35": 1.0, "36": 1.0, "37": 1.0, "38": 0.0, "39": 0.0, "40": 0.0, "41": 1.0, "42": 1.0, "43": 1.0, "44": 0.0, "45": 1.0, "46": 0.0, "47": 0.0, "48": 0.0, "49": 0.0, "50": 0.0, "51": 0.0}}]}