{"linear-relax-results": [{"test-case-no": 1365, "test-case-name": "TestSD1.0_CPU4096_Dim3_DataCenters2_Subbid3_Quantity1", "supply-demand-ratio": 1.0, "cpu-core": 4096, "dimension": 3, "data-center": 2, "mean-of-subbids": 3, "mean-of-quantity": 1, "objective-value": 56763.7402500129, "linrelax-runtime": 0.11100006103515625, "status": 2, "profit-dictionary": {"0": 1.0, "1": 0.0, "2": 1.0, "3": 0.0, "4": 0.0, "5": 0.0, "6": 1.0, "7": 1.0, "8": 1.0, "9": 1.0, "10": 1.0, "11": 0.0, "12": 1.0, "13": 1.0, "14": 0.0, "15": 1.0, "16": 1.0, "17": 1.0, "18": 1.0, "19": 1.0, "20": 1.0, "21": 1.0, "22": 1.0, "23": 1.0, "24": 1.0, "25": 1.0, "26": 1.0, "27": 1.0, "28": 1.0, "29": 1.0, "30": 1.0, "31": 1.0, "32": 1.0, "33": 1.0, "34": 0.0, "35": 0.5806451612903224, "36": 1.0, "37": 1.0, "38": 1.0, "39": 1.0, "40": 1.0, "41": 0.0, "42": 1.0, "43": 1.0, "44": 0.0, "45": 0.0, "46": 0.0, "47": 0.0}}]}