{"linear-relax-results": [{"test-case-no": 889, "test-case-name": "TestSD0.75_CPU4096_Dim1_DataCenters4_Subbid3_Quantity1.5", "supply-demand-ratio": 0.75, "cpu-core": 4096, "dimension": 1, "data-center": 4, "mean-of-subbids": 3, "mean-of-quantity": 1, "objective-value": 48295.29612867368, "linrelax-runtime": 0.08599996566772461, "status": 2, "profit-dictionary": {"0": 1.0, "1": 1.0, "2": 1.0, "3": 1.0, "4": 1.0, "5": 0.0, "6": 1.0, "7": 1.0, "8": 1.0, "9": 1.0, "10": 1.0, "11": 1.0, "12": 1.0, "13": 1.0, "14": 1.0, "15": 0.0, "16": 1.0, "17": 1.0, "18": 1.0, "19": 1.0, "20": 1.0, "21": 1.0, "22": 1.0, "23": 1.0, "24": 1.0, "25": 0.8552631578947368, "26": 0.0, "27": 1.0, "28": 0.0, "29": 0.0, "30": 1.0, "31": 1.0, "32": 1.0, "33": 1.0, "34": 1.0, "35": 0.0}}]}