{"linear-relax-results": [{"test-case-no": 208, "test-case-name": "TestSD0.25_CPU6144_Dim4_DataCenters4_Subbid1_Quantity1.5", "supply-demand-ratio": 0.25, "cpu-core": 6144, "dimension": 4, "data-center": 4, "mean-of-subbids": 1, "mean-of-quantity": 1, "objective-value": 26246.377620206247, "linrelax-runtime": 0.05800008773803711, "status": 2, "profit-dictionary": {"0": 1.0, "1": 1.0, "2": 1.0, "3": 1.0, "4": 1.0, "5": 1.0, "6": 1.0, "7": 1.0, "8": 1.0, "9": 1.0, "10": 1.0, "11": 1.0, "12": 1.0, "13": 1.0, "14": 1.0, "15": 1.0, "16": 1.0, "17": 1.0, "18": 1.0, "19": 1.0, "20": 1.0, "21": 1.0, "22": 1.0, "23": 1.0, "24": 1.0, "25": 1.0, "26": 1.0, "27": 1.0, "28": 1.0, "29": 1.0, "30": 1.0, "31": 1.0, "32": 1.0, "33": 1.0, "34": 1.0, "35": 1.0, "36": 1.0, "37": 1.0}}]}