{"linear-relax-results": [{"test-case-no": 1057, "test-case-name": "TestSD0.75_CPU6144_Dim4_DataCenters1_Subbid2_Quantity1.5", "supply-demand-ratio": 0.75, "cpu-core": 6144, "dimension": 4, "data-center": 1, "mean-of-subbids": 2, "mean-of-quantity": 1, "objective-value": 81720.08896790586, "linrelax-runtime": 0.09500002861022949, "status": 2, "profit-dictionary": {"0": 0.0, "1": 1.0, "2": 1.0, "3": 0.0, "4": 1.0, "5": 1.0, "6": 0.0, "7": 1.0, "8": 1.0, "9": 0.0, "10": 1.0, "11": 1.0, "12": 1.0, "13": 1.0, "14": 0.0, "15": 1.0, "16": 1.0, "17": 1.0, "18": 1.0, "19": 1.0, "20": 1.0, "21": 1.0, "22": 1.0, "23": 1.0, "24": 1.0, "25": 1.0, "26": 0.0, "27": 1.0, "28": 1.0, "29": 1.0, "30": 0.0, "31": 1.0, "32": 0.0, "33": 1.0, "34": 0.0, "35": 0.0, "36": 1.0, "37": 0.0, "38": 1.0, "39": 0.0, "40": 0.0, "41": 1.0, "42": 1.0, "43": 1.0, "44": 1.0, "45": 1.0, "46": 1.0, "47": 1.0, "48": 1.0, "49": 0.0, "50": 1.0, "51": 1.0, "52": 0.0, "53": 0.0, "54": 0.0, "55": 0.0, "56": 0.0, "57": 1.0, "58": 1.0, "59": 1.0, "60": 0.0, "61": 0.0, "62": 1.0, "63": 1.0, "64": 1.0, "65": 0.0, "66": 1.0, "67": 1.0, "68": 0.2058823529411757, "69": 0.0, "70": 0.0, "71": 1.0, "72": 0.0, "73": 1.0}}]}