{"linear-relax-results": [{"test-case-no": 1474, "test-case-name": "TestSD1.0_CPU6144_Dim3_DataCenters2_Subbid3_Quantity1.5", "supply-demand-ratio": 1.0, "cpu-core": 6144, "dimension": 3, "data-center": 2, "mean-of-subbids": 3, "mean-of-quantity": 1, "objective-value": 79593.950387041, "linrelax-runtime": 0.2330000400543213, "status": 2, "profit-dictionary": {"0": 1.0, "1": 0.0, "2": 0.0, "3": 0.0, "4": 1.0, "5": 1.0, "6": 0.0, "7": 1.0, "8": 0.0, "9": 0.8136645962732917, "10": 1.0, "11": 0.0, "12": 0.0, "13": 0.0, "14": 0.0, "15": 1.0, "16": 1.0, "17": 0.0, "18": 1.0, "19": 0.0, "20": 1.0, "21": 0.0, "22": 1.0, "23": 1.0, "24": 0.0, "25": 1.0, "26": 0.0, "27": 0.0, "28": 1.0, "29": 1.0, "30": 1.0, "31": 1.0, "32": 0.0, "33": 0.0, "34": 1.0, "35": 0.0, "36": 1.0, "37": 1.0, "38": 1.0, "39": 1.0, "40": 1.0, "41": 1.0, "42": 0.0, "43": 1.0, "44": 1.0, "45": 1.0, "46": 0.0, "47": 0.0, "48": 0.0, "49": 0.0, "50": 1.0, "51": 0.0, "52": 1.0, "53": 1.0, "54": 0.0, "55": 0.0, "56": 1.0, "57": 0.0, "58": 1.0, "59": 1.0, "60": 1.0, "61": 1.0, "62": 1.0, "63": 0.0, "64": 1.0, "65": 0.0, "66": 0.0, "67": 0.0, "68": 1.0, "69": 0.0, "70": 1.0, "71": 0.0, "72": 1.0, "73": 1.0, "74": 0.0, "75": 1.0, "76": 0.0, "77": 1.0, "78": 0.0, "79": 1.0}}]}