{"linear-relax-results": [{"test-case-no": 866, "test-case-name": "TestSD0.75_CPU4096_Dim1_DataCenters1_Subbid1_Quantity2", "supply-demand-ratio": 0.75, "cpu-core": 4096, "dimension": 1, "data-center": 1, "mean-of-subbids": 1, "mean-of-quantity": 2, "objective-value": 52892.88004022857, "linrelax-runtime": 0.026999950408935547, "status": 2, "profit-dictionary": {"0": 1.0, "1": 1.0, "2": 1.0, "3": 1.0, "4": 1.0, "5": 1.0, "6": 0.0, "7": 1.0, "8": 1.0, "9": 1.0, "10": 1.0, "11": 0.0, "12": 0.0, "13": 1.0, "14": 1.0, "15": 1.0, "16": 0.0, "17": 1.0, "18": 0.0, "19": 0.0, "20": 0.0, "21": 0.0, "22": 0.0, "23": 1.0, "24": 1.0, "25": 1.0, "26": 1.0, "27": 0.0, "28": 1.0, "29": 1.0, "30": 0.0, "31": 1.0, "32": 0.0, "33": 0.0, "34": 1.0, "35": 0.9047619047619045, "36": 0.0, "37": 1.0, "38": 1.0, "39": 1.0, "40": 0.0, "41": 1.0, "42": 1.0, "43": 1.0, "44": 1.0, "45": 1.0, "46": 1.0, "47": 1.0, "48": 1.0, "49": 0.0, "50": 0.0, "51": 1.0, "52": 1.0, "53": 1.0, "54": 0.0, "55": 1.0, "56": 0.0, "57": 0.0, "58": 1.0, "59": 1.0, "60": 1.0, "61": 1.0, "62": 0.0, "63": 1.0, "64": 1.0, "65": 0.0, "66": 0.0, "67": 0.0, "68": 0.0, "69": 0.0, "70": 0.0, "71": 0.0, "72": 0.0, "73": 0.0, "74": 0.0, "75": 0.0, "76": 1.0, "77": 0.0, "78": 1.0, "79": 1.0, "80": 0.0, "81": 0.0, "82": 1.0, "83": 1.0, "84": 1.0, "85": 0.0, "86": 0.0, "87": 1.0}}]}