{"linear-relax-results": [{"test-case-no": 881, "test-case-name": "TestSD0.75_CPU4096_Dim1_DataCenters2_Subbid3_Quantity2", "supply-demand-ratio": 0.75, "cpu-core": 4096, "dimension": 1, "data-center": 2, "mean-of-subbids": 3, "mean-of-quantity": 2, "objective-value": 52357.00476614194, "linrelax-runtime": 0.05300021171569824, "status": 2, "profit-dictionary": {"0": 0.0, "1": 0.0, "2": 1.0, "3": 0.0, "4": 1.0, "5": 1.0, "6": 1.0, "7": 1.0, "8": 1.0, "9": 0.0, "10": 1.0, "11": 1.0, "12": 1.0, "13": 1.0, "14": 0.0, "15": 0.0, "16": 0.0, "17": 1.0, "18": 0.0, "19": 1.0, "20": 1.0, "21": 0.0, "22": 1.0, "23": 0.4451612903225805, "24": 0.0, "25": 0.0, "26": 1.0, "27": 0.0, "28": 1.0, "29": 1.0, "30": 1.0, "31": 0.0, "32": 1.0, "33": 1.0, "34": 1.0, "35": 0.0, "36": 0.0}}]}